system,evaluation_mode,candidate_pool,n_queries,hit@1,hit@1_ci_low,hit@1_ci_high,hit@1_std,recall@1,recall@1_ci_low,recall@1_ci_high,recall@1_std,ndcg@1,ndcg@1_ci_low,ndcg@1_ci_high,ndcg@1_std,hit@5,hit@5_ci_low,hit@5_ci_high,hit@5_std,recall@5,recall@5_ci_low,recall@5_ci_high,recall@5_std,ndcg@5,ndcg@5_ci_low,ndcg@5_ci_high,ndcg@5_std,hit@10,hit@10_ci_low,hit@10_ci_high,hit@10_std,recall@10,recall@10_ci_low,recall@10_ci_high,recall@10_std,ndcg@10,ndcg@10_ci_low,ndcg@10_ci_high,ndcg@10_std,hit@20,hit@20_ci_low,hit@20_ci_high,hit@20_std,recall@20,recall@20_ci_low,recall@20_ci_high,recall@20_std,ndcg@20,ndcg@20_ci_low,ndcg@20_ci_high,ndcg@20_std,hit@50,hit@50_ci_low,hit@50_ci_high,hit@50_std,recall@50,recall@50_ci_low,recall@50_ci_high,recall@50_std,ndcg@50,ndcg@50_ci_low,ndcg@50_ci_high,ndcg@50_std,hit@100,hit@100_ci_low,hit@100_ci_high,hit@100_std,recall@100,recall@100_ci_low,recall@100_ci_high,recall@100_std,ndcg@100,ndcg@100_ci_low,ndcg@100_ci_high,ndcg@100_std,mrr,mrr_ci_low,mrr_ci_high,mrr_std,mrr@10,mrr@10_ci_low,mrr@10_ci_high,mrr@10_std
bge,job_to_talent,full,177,0.01694915254237288,0.0,0.03954802259887006,0.009706987318222445,0.010357815442561204,0.0,0.024505649717513785,0.00651401820146749,0.01694915254237288,0.0,0.03954802259887006,0.009706987318222445,0.0847457627118644,0.04519774011299435,0.12994350282485875,0.021059167577406127,0.04835889157923057,0.02354048964218456,0.0780199085283831,0.013891906320305687,0.036430243231302326,0.018024555156225704,0.058247252906573,0.010311512445539843,0.15819209039548024,0.10734463276836158,0.21468926553672316,0.027584603845377108,0.093034460831071,0.05766790177807129,0.13235270379338174,0.019240997752873835,0.05225210570849705,0.03176859734808516,0.07570892669164854,0.011161908160508603,0.192090395480226,0.13559322033898305,0.2542372881355932,0.02973940024561059,0.11916012424487,0.07927990559346493,0.16323284295741916,0.021362914290031995,0.05972815470423802,0.039005964055961025,0.0836288847205673,0.011360496173449712,0.2994350282485876,0.23163841807909605,0.3672316384180791,0.034097408479619305,0.1868625724557928,0.13922995084012033,0.23753026634382562,0.024942936043548976,0.07652946161936384,0.05524502456615065,0.1012442064261947,0.011658013889399058,0.4293785310734463,0.3559322033898305,0.5028248587570622,0.03698110065095494,0.28836549514515614,0.23341523589404947,0.34596690268300434,0.02877968587013148,0.09765181821910722,0.07606494947103068,0.1223587719720119,0.011706547603426962,0.06338025979681136,0.04141693855441042,0.08925376182958839,0.01222245402338561,0.053149941709263744,0.030945486951842887,0.079587536992198,0.012418621321758761
bge-base,job_to_talent,full,177,0.011299435028248588,0.0,0.02824858757062147,0.007996426613435498,0.0030131826741996233,0.0,0.007909604519774011,0.002202289993825946,0.011299435028248588,0.0,0.02824858757062147,0.007996426613435498,0.05084745762711865,0.022598870056497175,0.0847457627118644,0.01643036225771334,0.02278719397363465,0.008662900188323917,0.04067796610169491,0.00826964540055659,0.016434014917442924,0.0064671670004003345,0.028412544046425348,0.005627772065176399,0.07344632768361582,0.03954802259887006,0.11299435028248588,0.0193849737770605,0.03408662900188324,0.015254237288135592,0.055936911487758874,0.010392812315867939,0.020784721736680813,0.009887284038570728,0.0334130608530035,0.006015165375881839,0.11299435028248588,0.06779661016949153,0.15819209039548024,0.023533415113984803,0.049625797930882676,0.02725805268178149,0.07486526891187904,0.012159154285992105,0.026419020419221676,0.014323662214468786,0.04004408018227311,0.006556498254602353,0.22033898305084745,0.15819209039548024,0.2824858757062147,0.031111723886821274,0.12467287891016705,0.08582434514637904,0.16568475310000733,0.020306489232287697,0.043719395456614,0.029550284474829117,0.059090414316568196,0.007576498306261791,0.384180790960452,0.3107344632768362,0.4576271186440678,0.036591286679270855,0.23593195881331475,0.18420974270550544,0.2895217917675545,0.026712426996873442,0.06458254223187555,0.04969121874309709,0.08059204484137082,0.007891829774872074,0.03803993980935883,0.02194942352439517,0.05827018814868555,0.009356329815393088,0.027257645054255222,0.010989933638238724,0.04771802977311451,0.009452677691306421
bge-large,job_to_talent,full,177,0.02824858757062147,0.005649717514124294,0.05649717514124294,0.01267597916643488,0.011487758945386064,0.0028107344632769616,0.022975517890772127,0.005371067172821993,0.02824858757062147,0.005649717514124294,0.05649717514124294,0.01267597916643488,0.0847457627118644,0.04519774011299435,0.12994350282485875,0.02112451302615289,0.038512241054613934,0.01902071563088512,0.06205273069679849,0.011011491574492091,0.031457428788563675,0.01573484694051937,0.04986017403663216,0.00872058338933321,0.11864406779661017,0.07344632768361582,0.1694915254237288,0.024656396632955883,0.05301318267419962,0.030506120527306987,0.07928436911487757,0.012447190124146804,0.03756709276464902,0.02140674819552677,0.05656604747819218,0.009002879553447161,0.15254237288135594,0.1016949152542373,0.20903954802259886,0.027416945427044252,0.07218186709712134,0.04430992736077482,0.10466807909604518,0.015340328842042806,0.04326752037636376,0.026492449076413033,0.06279824850172945,0.009276179292967921,0.2937853107344633,0.22598870056497175,0.3615819209039548,0.03450230380784409,0.1677947758456233,0.12388334005918752,0.21582090578912608,0.023490424024333594,0.06547243296222356,0.047388039817825044,0.08542621999291698,0.009772785099620972,0.4293785310734463,0.3559322033898305,0.5028248587570622,0.037271041275112986,0.2617305011372808,0.20829919962335217,0.3157749865482916,0.02750059742766313,0.08395006269392528,0.06545983565979242,0.10404696305808322,0.00992040289869916,0.06351899946598703,0.038820495275021634,0.09248818339437544,0.013762169633963912,0.051999820643888445,0.026835485606672052,0.0812446193166532,0.013978954268202292
bm25,job_to_talent,full,177,0.07344632768361582,0.03954802259887006,0.11299435028248588,0.019455453652305478,0.04478073715361851,0.020766074791498546,0.07336561743341403,0.013552486849369183,0.07344632768361582,0.03954802259887006,0.11299435028248588,0.019455453652305478,0.1751412429378531,0.12429378531073447,0.23163841807909605,0.02826275802208119,0.10527551544500698,0.06911386871132635,0.14628745077897623,0.01994308000918632,0.08586201996008934,0.056421798241699114,0.11897138126545061,0.016025552571830477,0.24293785310734464,0.1807909604519774,0.3050847457627119,0.03199275172067563,0.1602660992491501,0.11463790446841293,0.2106018110890992,0.02443073431702791,0.10505916156599578,0.07469528131734925,0.13957710933761747,0.016657556268038005,0.3615819209039548,0.288135593220339,0.4350282485875706,0.035616732790879714,0.2220277838921907,0.1713278059040771,0.2766491794457896,0.026873981525422887,0.12491953414170595,0.09410581262399564,0.15943861714945592,0.016635669942866534,0.576271186440678,0.5028248587570622,0.6497175141242938,0.03689892368080766,0.39175715997749894,0.33184106500843785,0.45368420891725975,0.031143670002980545,0.16477757615186345,0.13348175624631864,0.1987906320657991,0.016473743630186388,0.672316384180791,0.6045197740112994,0.7401129943502824,0.03504167775653697,0.49740748893291264,0.43692162239831733,0.5595221127742315,0.031225880696174033,0.18549934676996682,0.15534631832286191,0.21861710019387226,0.01606261901261253,0.1376584292097697,0.10081322030674171,0.17842287662376546,0.019838363898226498,0.1194646220069949,0.08174451842884048,0.16173005784234598,0.020382095334535416
jina,job_to_talent,full,177,0.07909604519774012,0.03954802259887006,0.11864406779661017,0.02028264611302236,0.064030131826742,0.03248587570621469,0.10122410546139358,0.01764389270508954,0.07909604519774012,0.03954802259887006,0.11864406779661017,0.02028264611302236,0.24858757062146894,0.1864406779661017,0.3107344632768362,0.032583711659428916,0.162095531587057,0.11567368601266906,0.21388589282657078,0.025101182904313093,0.12463516176246583,0.08735501761438265,0.1653279403084676,0.019991105895813696,0.3220338983050847,0.2542372881355932,0.3954802259887006,0.03533754223512153,0.2058404871964194,0.15569157067038422,0.26130050505050506,0.027033102646958598,0.1402456360324365,0.1023736878575733,0.1814892096691329,0.020106702500058637,0.3954802259887006,0.3220338983050847,0.4689265536723164,0.03683612983950938,0.26656639029520385,0.21240183310098565,0.3267770929635336,0.02930726854189907,0.15826603848950266,0.12086645341315166,0.19906139176524368,0.02005091558975854,0.5649717514124294,0.4915254237288136,0.6384180790960452,0.037572634817129975,0.3761690757453469,0.31882557414337076,0.4379120044268349,0.030366474942215813,0.18545279751331611,0.14913768528761184,0.22534487050081395,0.019542584170075664,0.6836158192090396,0.615819209039548,0.751412429378531,0.03529566955472877,0.5100814439797491,0.4487138026756671,0.5722438213857706,0.03172822153450303,0.21266237369885543,0.17665803294726362,0.2514229241386828,0.01912922828469756,0.16044326847064677,0.12052141787156287,0.20330754754177632,0.02109683606339199,0.14671105730427764,0.10588271231279706,0.19052198233342296,0.021567219783825035
minilm,job_to_talent,full,177,0.062146892655367235,0.02824858757062147,0.1016949152542373,0.018093707998738263,0.03879472693032015,0.01694915254237288,0.06610169491525424,0.012620855479657427,0.062146892655367235,0.02824858757062147,0.1016949152542373,0.018093707998738263,0.21468926553672316,0.15819209039548024,0.2768361581920904,0.030984348380318893,0.13855504194487245,0.09627632254750898,0.1860651001540832,0.022953053927713313,0.09718511087144029,0.06785755514810439,0.13119195916908136,0.01613563408504223,0.2711864406779661,0.20903954802259886,0.3389830508474576,0.033618116880123936,0.18242595445985277,0.1339924670433145,0.23484163670604347,0.025887248035152327,0.11265774387776759,0.08225430951698252,0.14713433066816684,0.01668877603315725,0.4067796610169492,0.3333333333333333,0.480225988700565,0.0370209438141427,0.25732323232323234,0.20341433401814757,0.3141034283513097,0.028364355842441482,0.13713782372296762,0.10529658326351363,0.17231974025377308,0.01707925682161799,0.5819209039548022,0.5084745762711864,0.655367231638418,0.03742244423134434,0.4160625626727322,0.354399763372221,0.47946885623792396,0.032087755741067744,0.17402357964541973,0.14275003368512648,0.2084082768239169,0.016813380176527778,0.7288135593220338,0.6666666666666666,0.7911016949152522,0.0335984488378233,0.5691387237997407,0.5088270721745298,0.6309264864137745,0.0312378611729675,0.20437254150281103,0.17483561302603803,0.23706753502825484,0.016014491474429474,0.1352981011779632,0.10093719257134937,0.1749183587204185,0.018801914669364917,0.11774056138462918,0.08241850506681016,0.15847496861268048,0.019326615882615087
mpnet,job_to_talent,full,177,0.05649717514124294,0.022598870056497175,0.096045197740113,0.017505011288705005,0.038512241054613934,0.014500941619585686,0.06779661016949153,0.013392647508730995,0.05649717514124294,0.022598870056497175,0.096045197740113,0.017505011288705005,0.1638418079096045,0.11299435028248588,0.22033898305084745,0.027686320887094093,0.10796341135324188,0.06927495291902074,0.1509957627118644,0.0210914790496323,0.08427372631097098,0.05375107712144225,0.11887929612882935,0.01668147171527586,0.2598870056497175,0.1977401129943503,0.327683615819209,0.032906026696230974,0.17080367843079708,0.12337980287132827,0.2223312116320591,0.024800424883120925,0.10652199629493203,0.07505923015428015,0.14188366097617625,0.016931281065567558,0.3728813559322034,0.3050847457627119,0.4463276836158192,0.03636528091075805,0.2472295595176951,0.1941752421307506,0.3040572186758627,0.028140245629280553,0.12750308636150812,0.09593134763880488,0.1619150438885558,0.016856001870618486,0.5875706214689266,0.5141242937853108,0.6610169491525424,0.03690970837739996,0.4302632866192188,0.3675409054222614,0.4943458342504953,0.03237001532636524,0.17175559061422688,0.13949838376605722,0.20666347426979773,0.01690941418836046,0.7175141242937854,0.6497175141242938,0.7853107344632768,0.03399959983748532,0.5714456917846747,0.5078753026634383,0.6339236034680951,0.03178901472774945,0.20033763641628727,0.16907207270477506,0.23368362571637513,0.016301147841514943,0.12497702423122221,0.09085115943268823,0.16308736352718223,0.018361485659359286,0.1078042328042328,0.07277514348488925,0.14700026903416735,0.018858552948308533
qwen,job_to_talent,full,177,0.0903954802259887,0.05084745762711865,0.13559322033898305,0.021626468584708188,0.05875706214689266,0.029661016949152543,0.09312617702448212,0.016318864382208906,0.0903954802259887,0.05084745762711865,0.13559322033898305,0.021626468584708188,0.24858757062146894,0.1864406779661017,0.3163841807909605,0.032489597973926816,0.14622496147919878,0.10403976202705016,0.19405281629857898,0.022962921283252818,0.12232059564383198,0.0873648207186287,0.162333400812558,0.019281089643385346,0.3559322033898305,0.288135593220339,0.4293785310734463,0.03588057129697633,0.22621126519431603,0.17530303030303027,0.28173258003766477,0.027241578633732895,0.1500538678387075,0.1139057669373643,0.19032114639866324,0.019526213082466805,0.480225988700565,0.4067796610169492,0.5536723163841808,0.03771317756870711,0.32391163450485483,0.26654408797417267,0.38545469831486784,0.030494920783264868,0.180056049914308,0.14415923018534935,0.22050647876421134,0.01948632268790912,0.6666666666666666,0.5932203389830508,0.7344632768361582,0.035894055986068624,0.5048193802431091,0.44330135495389744,0.5681243732726784,0.03220041844264233,0.2233324695589564,0.18849472197200576,0.2618770848873716,0.018720129944987455,0.7627118644067796,0.7005649717514124,0.8248587570621468,0.03219222206496127,0.6199305402695233,0.5597655428375766,0.6807225707437571,0.031114391433301143,0.24690775203165702,0.21358194666446118,0.2840874405168987,0.018117492980219873,0.1812045569178526,0.14057052846019866,0.22615166924662364,0.021950647644024247,0.16347412788090754,0.12177551340686933,0.20951999820643888,0.022609554324297558
qwen3_embedding,job_to_talent,full,177,0.10734463276836158,0.062146892655367235,0.15819209039548024,0.023434657438675954,0.07222222222222222,0.039736346516007534,0.10941619585687383,0.017654346483424205,0.10734463276836158,0.062146892655367235,0.15819209039548024,0.023434657438675954,0.2655367231638418,0.2033898305084746,0.3333333333333333,0.0333385549438897,0.17276029055690073,0.12637812752219532,0.22455004035512507,0.025052251397343978,0.14082126998564098,0.10238592010094485,0.18312912847480983,0.02062648530260611,0.3559322033898305,0.288135593220339,0.4293785310734463,0.036262887583091014,0.2295827524641084,0.17873055616699687,0.2849221635238584,0.027269965257553794,0.16230191368075958,0.12377667048404413,0.20469584133520824,0.02076739631054545,0.4915254237288136,0.4180790960451977,0.5649717514124294,0.03734793403615691,0.31775686648568,0.2616411389928339,0.3776305885733851,0.02950833104154692,0.18921564403197916,0.15116551263313127,0.23078631852125112,0.020401512887320464,0.6610169491525424,0.5932203389830508,0.7288135593220338,0.035511048718097335,0.4828142196786265,0.42047596118570696,0.5449254347347569,0.03162670954793999,0.2298393073478155,0.1928743770344047,0.2697798439892618,0.019840355695259774,0.7457627118644068,0.6836158192090396,0.807909604519774,0.03286071099421359,0.6091104752121701,0.5478330214982757,0.6694821092278719,0.031130909790062267,0.2560631121682822,0.2198651787034454,0.2953550405753732,0.019344974577645783,0.19692108884060247,0.1529393155730635,0.24469002595274608,0.023443145025256944,0.17932696619137298,0.13419642857142858,0.2281644022957582,0.024144360433381352
qwen3_embedding4,job_to_talent,full,177,0.11299435028248588,0.06779661016949153,0.1638418079096045,0.023819718902335807,0.07151172744393083,0.03954802259887006,0.1091765108714261,0.017626695280144645,0.11299435028248588,0.06779661016949153,0.1638418079096045,0.023819718902335807,0.3163841807909605,0.24858757062146894,0.384180790960452,0.0347954142324407,0.20122655122655123,0.15131141927752095,0.25453530462005036,0.026474160916937255,0.15548919676634382,0.1170613862182445,0.19771718396873714,0.020674036618078578,0.4180790960451977,0.3446327683615819,0.4915254237288136,0.037110273936106726,0.28940066524812286,0.2317843996869421,0.3505764209895566,0.030365934044897763,0.18730241534575437,0.14823564604871048,0.2304517140895619,0.021020307391294783,0.5423728813559322,0.4689265536723164,0.615819209039548,0.037396264639939586,0.3820113972656346,0.3217638399735857,0.44590172304155357,0.03182317487437024,0.21499314527439456,0.17663433067544912,0.2573857454800704,0.020571898427335793,0.7175141242937854,0.6497175141242938,0.7853107344632768,0.03367517581136197,0.5463509183848166,0.48448275124122586,0.6087137109594737,0.031745546054055045,0.254869180692833,0.21848189877666943,0.2952001886533043,0.019631097250907358,0.7966101694915254,0.7344632768361582,0.8531073446327684,0.03044584552479089,0.6472888693227676,0.5888398360114462,0.7054019462176241,0.02985012257668841,0.2755329161418681,0.2400778149276591,0.31477673058083894,0.01900652630590431,0.2128076758515415,0.16895191752415833,0.261116802435471,0.023363941238051952,0.19688368756165367,0.15174838579499597,0.2467770827728455,0.024058154683495203
qwen3_embedding8,job_to_talent,full,177,0.12429378531073447,0.07909604519774012,0.1751412429378531,0.025005719917644845,0.0884180790960452,0.051789077212806026,0.12994350282485875,0.01985473871593679,0.12429378531073447,0.07909604519774012,0.1751412429378531,0.025005719917644845,0.288135593220339,0.22033898305084745,0.3559322033898305,0.03427827300200522,0.19962335216572505,0.147834274952919,0.25508709981167604,0.02713136361072138,0.16290115029232125,0.12015826453845338,0.2090849540100298,0.022549539916472086,0.384180790960452,0.3107344632768362,0.4576271186440678,0.036847007687001825,0.26577885391444717,0.20960451977401126,0.32528921172988967,0.029410033002218772,0.1867088576693065,0.1444987621849982,0.23221457715535293,0.022408856525382898,0.5254237288135594,0.4519774011299435,0.5988700564971752,0.03715290763958483,0.3545741922860567,0.29655205199696727,0.4155559224203291,0.030232022664266615,0.2141045888799286,0.17313632263768294,0.25928404950245837,0.021851011134720013,0.7005649717514124,0.632768361581921,0.768361581920904,0.03409337784163977,0.545107246802162,0.48217174774378163,0.6065991635483162,0.03172614004972739,0.26066826828819056,0.22126123800764672,0.30387041942312254,0.021013598148076556,0.8022598870056498,0.7401129943502824,0.8587570621468926,0.030159543499429335,0.6681481889109008,0.6094907611221171,0.7263690934771443,0.029928894340147776,0.28640670912691013,0.24783022356393755,0.3279267934984609,0.020336312417127474,0.21525207521488599,0.16915713915511532,0.26535842450708885,0.02445484052936954,0.19763922518159804,0.14950749932741458,0.2488305421038472,0.025200507642216277
qwen4,job_to_talent,full,177,0.11299435028248588,0.06779661016949153,0.1638418079096045,0.02386355448502666,0.08615819209039548,0.05084745762711865,0.1271304143126175,0.019703381829046608,0.11299435028248588,0.06779661016949153,0.1638418079096045,0.02386355448502666,0.327683615819209,0.2598870056497175,0.4011299435028249,0.03550930938975248,0.21213833247731553,0.16071659390515325,0.2669324601951721,0.02724742478915679,0.17088446486643677,0.12900501613833076,0.21699881239428875,0.02239546420236372,0.4180790960451977,0.3446327683615819,0.4915254237288136,0.03702278241860352,0.27109044439552915,0.21487554112554114,0.32962145669772785,0.029055531359140074,0.1923846871574204,0.15047912739897087,0.23747157835237928,0.022116440067681993,0.536723163841808,0.4632768361581921,0.6101694915254238,0.03755560634499523,0.35113055494411427,0.29332182295106024,0.41350164783427495,0.030570403739517277,0.2166959981778168,0.17576701778697232,0.26140558984198714,0.021789298376209246,0.6836158192090396,0.615819209039548,0.751412429378531,0.03504391703058464,0.4874391615917039,0.4275841496074547,0.5487080704135788,0.031108326820312834,0.24991867949199043,0.21071915251495008,0.29288486291999244,0.021137942865206868,0.7853107344632768,0.7231638418079096,0.8418079096045198,0.031049100431737094,0.6258352288013305,0.5661294543497933,0.6859771901826984,0.030543658309564337,0.27686641945844526,0.23896446379385008,0.31834887497404496,0.020283042531663388,0.22010237884472422,0.1760771699375517,0.268722510236973,0.023721142906296185,0.2056900726392252,0.16010828625235407,0.25561776970675276,0.024361853360133544
qwen8,job_to_talent,full,177,0.13559322033898305,0.0847457627118644,0.1864406779661017,0.025990404635854242,0.10254237288135593,0.062146892655367235,0.1463276836158192,0.021653004748358403,0.13559322033898305,0.0847457627118644,0.1864406779661017,0.025990404635854242,0.327683615819209,0.2598870056497175,0.3954802259887006,0.035282587068379764,0.21704576026609926,0.16464735123633434,0.2725477841367672,0.0275377949430176,0.18136725088049405,0.1361421678309643,0.22972322814545895,0.0238877828474483,0.4689265536723164,0.3954802259887006,0.5423728813559322,0.037546956052900704,0.309315919485411,0.2510834739648299,0.3699977682392936,0.030483765280162833,0.2142725108540831,0.16977572062115748,0.26225385237463034,0.023615993797160454,0.576271186440678,0.5028248587570622,0.6497175141242938,0.037334337820442445,0.3951469904859735,0.33529037346833956,0.4571490632719446,0.03122120130756235,0.24062832711792984,0.19749291266923805,0.28711012766022576,0.023039921033102945,0.7231638418079096,0.655367231638418,0.7909604519774012,0.0338690342739774,0.5285971091055837,0.46842833602367506,0.5889347775576589,0.030861510222589233,0.27346869479975056,0.2320800438611338,0.318374795407041,0.022091038322444786,0.7853107344632768,0.7231638418079096,0.8418079096045198,0.030823499061873448,0.6459057891261282,0.5864942402230537,0.705084745762712,0.030153618976781513,0.29746523689856647,0.2571691633901982,0.3410736586237569,0.02156678561250995,0.23836130784530157,0.19161470954727988,0.28932724230898554,0.025216418573224385,0.22448210922787196,0.17633373688458437,0.2766548964218456,0.025867367306565782
sheared_llama,job_to_talent,full,177,0.03954802259887006,0.01694915254237288,0.06793785310734257,0.014524898346125243,0.02137476459510358,0.006120527306967985,0.0416195856873823,0.009129802435545087,0.03954802259887006,0.01694915254237288,0.06793785310734257,0.014524898346125243,0.14124293785310735,0.0903954802259887,0.192090395480226,0.026239196068528932,0.08550150414557195,0.051677336317166825,0.12340912148115533,0.01833103354506894,0.062234216815530284,0.03858682111368768,0.08982687159193715,0.01312339255366405,0.22598870056497175,0.1638418079096045,0.288135593220339,0.03126807860477207,0.14723139384156333,0.10425563137427543,0.19421949519407142,0.023286438723102126,0.08345743950798219,0.05784428718037045,0.11239848490542109,0.014034040765167212,0.3446327683615819,0.2768361581920904,0.4124293785310734,0.03548971044828918,0.23894758725267198,0.18522981020862375,0.29560330912025823,0.028280242205156982,0.10964921625454867,0.08284772548286097,0.13943051598340878,0.014409288623684943,0.5310734463276836,0.4576271186440678,0.6045197740112994,0.03744600475415584,0.37921344192530637,0.3192624183725879,0.4412803886320835,0.031400422576835105,0.1436075998640537,0.11684859566762301,0.1732170260965118,0.01432256359062031,0.7231638418079096,0.655367231638418,0.7909604519774012,0.033926852268686976,0.5433401814757747,0.4826732671753859,0.6052134694401643,0.03137651442977568,0.17493700159130213,0.14946345210263942,0.20306058987883396,0.013678522838678398,0.10266467956165709,0.07423784193716418,0.13553462748723485,0.01577344537175658,0.0849251188234239,0.05555555555555556,0.11877712761187337,0.01621427773447587
snowflake,job_to_talent,full,177,0.06779661016949153,0.03389830508474576,0.10734463276836158,0.019029140972069418,0.044915254237288135,0.0192090395480226,0.07551789077212806,0.014332511497651409,0.06779661016949153,0.03389830508474576,0.10734463276836158,0.019029140972069418,0.21468926553672316,0.15819209039548024,0.2768361581920904,0.030885854933667637,0.11722735832905325,0.07951741996233523,0.15851834018147576,0.020141447862258976,0.0921427829945759,0.06146297995245198,0.12678699456715734,0.01646084572709496,0.3220338983050847,0.2542372881355932,0.3898305084745763,0.03506955100518569,0.1877571110621958,0.1417105681512461,0.23939855577567443,0.024813747150113478,0.11660092397586849,0.08580560290469909,0.15180836086985874,0.016749286696790502,0.423728813559322,0.3502824858757062,0.4971751412429379,0.03728861454922666,0.26068371364981535,0.208906574828185,0.3165090523882897,0.027560496016486958,0.13943964094800546,0.10816154935547576,0.17489579499453672,0.016889880557732474,0.5932203389830508,0.519774011299435,0.6666666666666666,0.037083215345396194,0.4106996111233399,0.35233969537994964,0.4723525050749626,0.03059218634203469,0.17366831840855082,0.1430796683748869,0.20808725015924232,0.016405084039190117,0.7457627118644068,0.6836158192090396,0.807909604519774,0.032599020449280515,0.585758309487123,0.527393991366449,0.6462956593782865,0.030559739438118454,0.2082515866724884,0.17837429690051945,0.24151016500380043,0.01584457070617323,0.14034257155741864,0.10503169555606114,0.18017898603397292,0.01931276033019169,0.12527800197291725,0.08900973006905209,0.16606162003407765,0.019799251633325476
bge,job_to_talent,observed,177,0.2768361581920904,0.21468926553672316,0.3446327683615819,0.03389538476592188,0.17138821630347054,0.12504708097928435,0.2211470944309927,0.024738164485939143,0.2768361581920904,0.21468926553672316,0.3446327683615819,0.03389538476592188,0.6440677966101694,0.5761299435028261,0.711864406779661,0.03615537771533023,0.49568261305549444,0.432034173453665,0.5607368784699293,0.03291966815671843,0.391941301330235,0.3403533467241788,0.44456691080033645,0.026751479571423594,0.8305084745762712,0.7740112994350282,0.8870056497175142,0.028315626666634282,0.735812116320591,0.6786589563920072,0.7922115525717222,0.02873622501912817,0.4850979744984498,0.4388732499054353,0.5325299485484866,0.0238375542434755,0.9548022598870056,0.9209039548022598,0.9830508474576272,0.015606473979345508,0.9304143126177025,0.8952919020715631,0.9616760828625236,0.016925300017564322,0.5472008696255133,0.5073735564346372,0.5872222747300426,0.02053140572900484,1.0,1.0,1.0,0.0,1.0,1.0,1.0,0.0,0.5652228442389149,0.5286954258262067,0.6027430386827615,0.018994192446064366,1.0,1.0,1.0,0.0,1.0,1.0,1.0,0.0,0.5652228442389149,0.5286954258262067,0.6027430386827615,0.018994192446064366,0.4492518728394435,0.39622874562140104,0.5040839406852825,0.02756505282662926,0.4382297551789077,0.3832899515738498,0.494915702627567,0.028477380732706954
bge-base,job_to_talent,observed,177,0.1977401129943503,0.14124293785310735,0.2598870056497175,0.029967516428969432,0.110969868173258,0.07415254237288135,0.15145951035781544,0.019584179045151646,0.1977401129943503,0.14124293785310735,0.2598870056497175,0.029967516428969432,0.6271186440677966,0.5536723163841808,0.7005649717514124,0.03641756548174027,0.46064519284858263,0.39808108322938834,0.522699926015604,0.032034801151923566,0.3442526939860052,0.29488739838413647,0.3945541487117436,0.025248600753352272,0.8248587570621468,0.768361581920904,0.8813559322033898,0.028992658730617255,0.7118026512094309,0.6523560361484091,0.7708342810673319,0.030088655539899523,0.43569730078795,0.39157518725651563,0.4803252752751695,0.022675178794798957,0.943502824858757,0.903954802259887,0.9717514124293786,0.01728163194200942,0.914603663756206,0.8752437510700222,0.94888910289334,0.01874129610591246,0.5009512825623588,0.4629459593621503,0.5399985594596172,0.01946991794157938,1.0,1.0,1.0,0.0,1.0,1.0,1.0,0.0,0.5231157912924356,0.48894224158360455,0.5584243081818367,0.017525871853385982,1.0,1.0,1.0,0.0,1.0,1.0,1.0,0.0,0.5231157912924356,0.48894224158360455,0.5584243081818367,0.017525871853385982,0.3889999340450162,0.3404613300227707,0.4393042607312894,0.02512520422361821,0.3777934714375392,0.3276544144022958,0.4298833624787015,0.025986025310196833
bge-large,job_to_talent,observed,177,0.2655367231638418,0.1977401129943503,0.3333333333333333,0.03356130458866472,0.16930320150659134,0.12231638418079095,0.21939971751412427,0.024733326166470785,0.2655367231638418,0.1977401129943503,0.3333333333333333,0.03356130458866472,0.672316384180791,0.5988700564971752,0.7401129943502824,0.03568416524016797,0.47897069973341155,0.41703528933401823,0.540817451145841,0.03196397235610281,0.37612718003089857,0.3250757598914963,0.42789788065070516,0.0265653483421812,0.8700564971751412,0.8192090395480226,0.9209039548022598,0.02551696695293033,0.7576907085381661,0.7018677697067527,0.8109871413896838,0.027717596293105468,0.47945451018863877,0.43447150460528156,0.5241268732930413,0.02284347761003093,0.9491525423728814,0.9152542372881356,0.9774011299435028,0.01646949926807962,0.9114895932692543,0.8736221476263848,0.9450587900799765,0.018291249214699965,0.5320168334188247,0.4914172667562185,0.5724426059808488,0.020546167574225945,1.0,1.0,1.0,0.0,1.0,1.0,1.0,0.0,0.5554984356383961,0.5192727470403999,0.5925476660092179,0.01876705584924552,1.0,1.0,1.0,0.0,1.0,1.0,1.0,0.0,0.5554984356383961,0.5192727470403999,0.5925476660092179,0.01876705584924552,0.44038659691336307,0.3869754500574443,0.49512698550553025,0.02735752988250824,0.4325665859564165,0.3777488566047889,0.48856492691238457,0.02801792202054241
bm25,job_to_talent,observed,177,0.3220338983050847,0.2542372881355932,0.3898305084745763,0.034889691293960884,0.19789052755154452,0.14774900946511116,0.24997618436177751,0.026048141480431837,0.3220338983050847,0.2542372881355932,0.3898305084745763,0.034889691293960884,0.7175141242937854,0.6497175141242938,0.7853107344632768,0.033813804165839206,0.5553812947880744,0.49171555139775486,0.6189206685499058,0.032562968160938774,0.44959438669709,0.39716327518511707,0.5036536269792334,0.027350671672740755,0.8813559322033898,0.8305084745762712,0.9265536723163842,0.024273563197024294,0.772405043167755,0.7200305109203415,0.8228754708097928,0.026322855452343905,0.5313823649483871,0.4851544054040244,0.5784899537387361,0.02381705874832565,0.9830508474576272,0.96045197740113,1.0,0.009643249992630979,0.9543870912514981,0.9281054185927067,0.9771673300804656,0.012573464916618314,0.591085216953728,0.5518579492494315,0.631096092049629,0.02027918991659544,1.0,1.0,1.0,0.0,1.0,1.0,1.0,0.0,0.6041655125830139,0.5668579613911965,0.6422180082080586,0.01925282951271033,1.0,1.0,1.0,0.0,1.0,1.0,1.0,0.0,0.6041655125830139,0.5668579613911965,0.6422180082080586,0.01925282951271033,0.5067205803579578,0.45301601816097803,0.561017084263739,0.0275291064749027,0.49847098914895527,0.44305213657967896,0.5542718141870684,0.02832475219058343
jina,job_to_talent,observed,177,0.3785310734463277,0.3107344632768362,0.4519774011299435,0.03706157736919449,0.2580508474576271,0.20230579096045195,0.31723516949152536,0.029511204839714776,0.3785310734463277,0.3107344632768362,0.4519774011299435,0.03706157736919449,0.7740112994350282,0.711864406779661,0.8361581920903954,0.031181877168567417,0.6024983491085185,0.5430408809646098,0.6612465453567148,0.03058877443242342,0.49696108220263074,0.443817543100489,0.5516940512628994,0.027597474168595575,0.864406779661017,0.8135593220338984,0.9152542372881356,0.02540681511463426,0.7700803433854281,0.7173962995573165,0.8214566518697876,0.02653891311854891,0.5614714309073056,0.5131061971293891,0.6109631341147778,0.024911617338667244,0.9661016949152542,0.9378531073446328,0.9887005649717514,0.013659212553678976,0.9423258003766478,0.9103107344632768,0.9701977401129943,0.015315959962441495,0.6189459747417463,0.5770576173613896,0.6616728182464877,0.021567000432500896,1.0,1.0,1.0,0.0,1.0,1.0,1.0,0.0,0.633708266037898,0.5951327966757058,0.6735358053407672,0.020071753543339406,1.0,1.0,1.0,0.0,1.0,1.0,1.0,0.0,0.633708266037898,0.5951327966757058,0.6735358053407672,0.020071753543339406,0.5416687656571951,0.4862768122093469,0.5992849255072782,0.028781445128290718,0.5325934893731503,0.47581164245359164,0.5916310756882791,0.029661514949167127
minilm,job_to_talent,observed,177,0.3220338983050847,0.2542372881355932,0.3898305084745763,0.03487355112362614,0.19844877344877343,0.15084654046518456,0.25199441448382126,0.025718349390238208,0.3220338983050847,0.2542372881355932,0.3898305084745763,0.03487355112362614,0.7062146892655368,0.6384180790960452,0.7740112994350282,0.03445095361318926,0.5495952258664123,0.485350585149314,0.614243448406584,0.03302711973622089,0.4473455355786562,0.39407202140299663,0.5021679881453176,0.027640331153409258,0.8757062146892656,0.8248587570621468,0.9209039548022598,0.024887303563118107,0.7728691271064153,0.7197602691564556,0.8246661071978869,0.02656935926875819,0.5305815453846385,0.484479343208575,0.5779929608292842,0.02390010759334775,0.9774011299435028,0.9548022598870056,0.9943502824858758,0.011096643004596674,0.953723677452491,0.9251495891114535,0.978497688751926,0.013385515871035729,0.5884529492961331,0.5492568360320534,0.6288706530638453,0.020408223379613434,1.0,1.0,1.0,0.0,1.0,1.0,1.0,0.0,0.6012840440334059,0.5646490822601725,0.6396014676703528,0.019337963636158965,1.0,1.0,1.0,0.0,1.0,1.0,1.0,0.0,0.6012840440334059,0.5646490822601725,0.6396014676703528,0.019337963636158965,0.4983504343395066,0.4453150242066389,0.5533886774187008,0.027876951761240304,0.48986189579409917,0.4351435409380325,0.5462291498520312,0.028668547961170552
mpnet,job_to_talent,observed,177,0.3333333333333333,0.2655367231638418,0.4011299435028249,0.035221061815935116,0.20522843446572261,0.156064045417859,0.25790255765891357,0.025980591013593856,0.3333333333333333,0.2655367231638418,0.4011299435028249,0.035221061815935116,0.7175141242937854,0.6497175141242938,0.7853107344632768,0.03395990305464467,0.5615336170420916,0.49876444530046227,0.6245158607870472,0.03215953855287212,0.4591045645181387,0.4059334616283184,0.5132782391008556,0.02757973824720401,0.864406779661017,0.8135593220338984,0.9152542372881356,0.026019620908472638,0.7724881991831145,0.716713411353242,0.8251898372343287,0.027358565757592657,0.5402978899492447,0.4923723091911349,0.5886783304302713,0.024466095824654276,0.9774011299435028,0.9548022598870056,0.9943502824858758,0.011090182656807716,0.9530174627632255,0.9251454160246533,0.9771229241568224,0.013326588205737462,0.5970628213580603,0.5576198552884046,0.6375378006919846,0.020483510746869184,1.0,1.0,1.0,0.0,1.0,1.0,1.0,0.0,0.6099437794543885,0.5728110210392677,0.6488701772176235,0.01945611633641401,1.0,1.0,1.0,0.0,1.0,1.0,1.0,0.0,0.6099437794543885,0.5728110210392677,0.6488701772176235,0.01945611633641401,0.5079643108669826,0.4542753215797065,0.5632332707101794,0.027987107224999315,0.4987983140525513,0.4434532216841539,0.5558771074343107,0.028855029918736962
qwen,job_to_talent,observed,177,0.384180790960452,0.3163841807909605,0.4576271186440678,0.03659076991330572,0.25602208525937337,0.20136106831022085,0.31412536380756717,0.028967593384235126,0.384180790960452,0.3163841807909605,0.4576271186440678,0.03659076991330572,0.768361581920904,0.7062146892655368,0.8305084745762712,0.03168791023529254,0.6062715533054516,0.5458834409470003,0.6683580661334899,0.03100474108187297,0.504614780292486,0.4502990712467774,0.5605083919803451,0.028082769267072708,0.9152542372881356,0.8700564971751412,0.9548022598870056,0.02073216631622047,0.8301153178271823,0.7834123621199892,0.8749909812409812,0.02328402330481344,0.5901372823026821,0.5434275691235148,0.6364943340201777,0.02373361890064271,0.9774011299435028,0.9548022598870056,0.9943502824858758,0.011140543806349434,0.9596045197740113,0.9326741996233521,0.9822999058380415,0.012701464188912671,0.6325561635099313,0.5912345883521124,0.6741806246368814,0.021055924666991275,1.0,1.0,1.0,0.0,1.0,1.0,1.0,0.0,0.643542875766893,0.6044551256815596,0.6831690504761644,0.020002043451702114,1.0,1.0,1.0,0.0,1.0,1.0,1.0,0.0,0.643542875766893,0.6044551256815596,0.6831690504761644,0.020002043451702114,0.550923082596569,0.495882247751236,0.6076483195832914,0.02839179567028831,0.5456125011209757,0.4896032306519595,0.6036885144830059,0.028924024186132217
qwen3_embedding,job_to_talent,observed,177,0.3954802259887006,0.3220338983050847,0.4689265536723164,0.03715978457307979,0.2599004573580845,0.20542541027710517,0.3192300578423459,0.028962247003012143,0.3954802259887006,0.3220338983050847,0.4689265536723164,0.03715978457307979,0.751412429378531,0.6892655367231638,0.8135593220338984,0.03223566844980904,0.5687052119255509,0.5081586904150464,0.6300728990877296,0.03118900819401692,0.4892643784596246,0.43473288516461145,0.5446024664666432,0.028259829370709515,0.8700564971751412,0.8192090395480226,0.9152542372881356,0.025406308633281655,0.7769694523931813,0.7227913670604349,0.8282953169711644,0.026921387452907664,0.5693541885893335,0.5201272942700519,0.6181953591975411,0.025215398987186263,0.9887005649717514,0.9717514124293786,1.0,0.007933169014252832,0.9618173258003767,0.9380402542372881,0.9822033898305085,0.011334390625190552,0.6269035601433769,0.5858166736864301,0.6679667295250522,0.02114673575067472,1.0,1.0,1.0,0.0,1.0,1.0,1.0,0.0,0.6377754127859953,0.5984353208113531,0.6776487713217588,0.0204085031836941,1.0,1.0,1.0,0.0,1.0,1.0,1.0,0.0,0.6377754127859953,0.5984353208113531,0.6776487713217588,0.0204085031836941,0.5525602435842112,0.49604842242672176,0.6092158639568876,0.029121261378962173,0.5438525692762981,0.48552792350461843,0.6019842390816966,0.03000200700158655
qwen3_embedding4,job_to_talent,observed,177,0.3785310734463277,0.3050847457627119,0.4519774011299435,0.03662259445553351,0.26873394966615305,0.20969857473035441,0.32928543913713404,0.030136649825978894,0.3785310734463277,0.3050847457627119,0.4519774011299435,0.03662259445553351,0.768361581920904,0.7062146892655368,0.8305084745762712,0.03198403635917684,0.6062244723261673,0.544340682857632,0.6666473298358891,0.0313012751878908,0.5107286397080277,0.45635331326003886,0.566150435908829,0.02821613950392574,0.8870056497175142,0.8361581920903954,0.9322033898305084,0.02381129044690053,0.7826148898182796,0.7306160118130456,0.8328625541125542,0.026025605458041452,0.5765492076147093,0.5283921830024737,0.6255861101988006,0.024842522371056993,0.9774011299435028,0.9548022598870056,0.9943502824858758,0.011104030389324306,0.9515108714261256,0.9232664569423045,0.9760873566170177,0.013580255610025559,0.6305329386194681,0.5897481533165361,0.6728606147698977,0.021181682509216416,1.0,1.0,1.0,0.0,1.0,1.0,1.0,0.0,0.6438257496496571,0.6048615426470217,0.6835690840035611,0.020080566333110755,1.0,1.0,1.0,0.0,1.0,1.0,1.0,0.0,0.6438257496496571,0.6048615426470217,0.6835690840035611,0.020080566333110755,0.5499347303124994,0.49607236880496375,0.606124981858247,0.028208129448801172,0.5426284638149045,0.48719016231728096,0.6000296498071922,0.028943180811388816
qwen3_embedding8,job_to_talent,observed,177,0.4180790960451977,0.3446327683615819,0.4915254237288136,0.03736172689700458,0.2870527306967985,0.2294244350282486,0.34651718455743874,0.02995285262849701,0.4180790960451977,0.3446327683615819,0.4915254237288136,0.03736172689700458,0.751412429378531,0.6892655367231638,0.8135593220338984,0.032331796880681704,0.6006756426247951,0.5372056521632793,0.6622339007508499,0.03177081224665642,0.515901188481288,0.4601311116523895,0.5722599645427114,0.02887571855751373,0.8870056497175142,0.8361581920903954,0.9322033898305084,0.02388821143576729,0.7833100985643359,0.7315241397021058,0.8320693007557414,0.025632254930558374,0.5863221114233781,0.5366238742636741,0.6350245610945792,0.02533096362474307,0.9830508474576272,0.96045197740113,1.0,0.00963185713999496,0.9516453885097954,0.9247676981681219,0.9758564763861374,0.013059113882353887,0.6403805056553564,0.598172283327443,0.6820123551733112,0.021605305531279997,1.0,1.0,1.0,0.0,1.0,1.0,1.0,0.0,0.6544237868430745,0.614649832707772,0.694158186036125,0.020509393240253693,1.0,1.0,1.0,0.0,1.0,1.0,1.0,0.0,0.6544237868430745,0.614649832707772,0.694158186036125,0.020509393240253693,0.5678842577584815,0.5114928591724069,0.6250983726914906,0.029215199448629308,0.5602053627477356,0.5022409425163663,0.6187520738050399,0.02999386218741036
qwen4,job_to_talent,observed,177,0.423728813559322,0.3502824858757062,0.4971751412429379,0.037346606164258805,0.280044390637611,0.22392268630616086,0.34002555824589725,0.029773996334556917,0.423728813559322,0.3502824858757062,0.4971751412429379,0.037346606164258805,0.768361581920904,0.7062146892655368,0.8305084745762712,0.032035310384485184,0.5968620833027612,0.5358104195710128,0.6579168195269889,0.03122373575576169,0.5138563710384616,0.45789950273924557,0.5695003852672881,0.028379036623417116,0.9096045197740112,0.864406779661017,0.9491525423728814,0.021559542328820368,0.8158112603027857,0.7668380842321522,0.8632556038594176,0.024485497396920037,0.5971331736649413,0.5489649622912397,0.6454686987823339,0.024499640424865163,0.9830508474576272,0.96045197740113,1.0,0.009685695097456417,0.9630414312617703,0.9369103107344632,0.9847457627118644,0.012237034598864736,0.6458020054339887,0.6044157050662383,0.687690350218905,0.021139951085282375,1.0,1.0,1.0,0.0,1.0,1.0,1.0,0.0,0.6567441902034103,0.6168142257010354,0.6965063455106716,0.020165860650418903,1.0,1.0,1.0,0.0,1.0,1.0,1.0,0.0,0.6567441902034103,0.6168142257010354,0.6965063455106716,0.020165860650418903,0.5809872728179465,0.5243154228841629,0.6367833704403661,0.028827559882291014,0.5745785131378351,0.516766321406152,0.6319646220069949,0.02950716065816478
qwen8,job_to_talent,observed,177,0.4463276836158192,0.3728813559322034,0.519774011299435,0.03756719613543167,0.2902566830532932,0.23442513818573144,0.35022944334385014,0.029950743898110734,0.4463276836158192,0.3728813559322034,0.519774011299435,0.03756719613543167,0.807909604519774,0.7457627118644068,0.864406779661017,0.02977960386589111,0.6454092987991293,0.5860451518820163,0.7032555580013207,0.029921891654722716,0.5459280113832107,0.4924102599247339,0.5995213272949793,0.027319222030347607,0.8926553672316384,0.8418079096045198,0.9378531073446328,0.02360457545976831,0.8041351774402622,0.7526362444053121,0.8526366724142148,0.025415017503355126,0.6064270139618987,0.5577170385147245,0.6547508644307869,0.02484511468679812,0.9830508474576272,0.96045197740113,1.0,0.009664145114204723,0.9626219825372367,0.9370074687553501,0.9840867360041089,0.01197298414707357,0.6573604510381317,0.6164119580949553,0.6988677886993558,0.020994781630142824,1.0,1.0,1.0,0.0,1.0,1.0,1.0,0.0,0.6682157391544901,0.6293270409244122,0.7075699233189763,0.020017717884169825,1.0,1.0,1.0,0.0,1.0,1.0,1.0,0.0,0.6682157391544901,0.6293270409244122,0.7075699233189763,0.020017717884169825,0.5991658760352678,0.5439995530645455,0.6560652884397277,0.028634413021771898,0.5916307954443548,0.534886837503363,0.6499675477535648,0.029460601238525983
sheared_llama,job_to_talent,observed,177,0.2937853107344633,0.22598870056497175,0.3615819209039548,0.03404839079177739,0.18860884877834028,0.1395457296940348,0.23978043143297378,0.025646895957335856,0.2937853107344633,0.22598870056497175,0.3615819209039548,0.03404839079177739,0.6892655367231638,0.6214689265536724,0.7570621468926554,0.034643684070683634,0.5217679213441925,0.459303048646269,0.5838724869763006,0.032347146652294094,0.41917167946977457,0.36593639770874276,0.4726852067441452,0.027502378840910672,0.8531073446327684,0.7966101694915254,0.903954802259887,0.02680444617539602,0.7395400738621077,0.6832604801037004,0.7936483784577005,0.0282121355167775,0.5010857097877771,0.45381142878887853,0.5486405811318567,0.024342003427694707,0.9830508474576272,0.96045197740113,1.0,0.009715916239669057,0.9493537065570964,0.9227529532614278,0.972518725389488,0.012761955966730944,0.5681350971672522,0.5283976419080009,0.6082565520263391,0.02025301781579624,1.0,1.0,1.0,0.0,1.0,1.0,1.0,0.0,0.583240147948253,0.5457390636087189,0.6206198027291845,0.019212234870138865,1.0,1.0,1.0,0.0,1.0,1.0,1.0,0.0,0.583240147948253,0.5457390636087189,0.6206198027291845,0.019212234870138865,0.4677828473162865,0.4141319004678269,0.5220140664590212,0.027528348848918898,0.45784010402654474,0.40222149358801906,0.5136874495560935,0.028387334548455524
snowflake,job_to_talent,observed,177,0.327683615819209,0.2598870056497175,0.3954802259887006,0.03517807033073039,0.20254237288135593,0.15362405838041432,0.2562170433145009,0.026153259140335693,0.327683615819209,0.2598870056497175,0.3954802259887006,0.03517807033073039,0.7005649717514124,0.632768361581921,0.768361581920904,0.03453436158343486,0.5262338885220241,0.4654616381735026,0.5901307567197397,0.03158519221116676,0.43515777337141426,0.382507484926794,0.4899500780921222,0.02720559936987123,0.8757062146892656,0.8248587570621468,0.9209039548022598,0.024906503139226065,0.7667999608677575,0.7134964352972828,0.8173999529190208,0.026548164672452534,0.5225130318821157,0.47669584316666047,0.5690547102227039,0.023497986429082244,0.9830508474576272,0.96045197740113,1.0,0.009664145114204723,0.9563559322033899,0.9301318267419962,0.978436911487759,0.012339060517609511,0.5833364974165929,0.5444566910052545,0.6232794878152527,0.020085496016743445,1.0,1.0,1.0,0.0,1.0,1.0,1.0,0.0,0.5961614754225982,0.5592035151320215,0.6351425611156387,0.019279113302810968,1.0,1.0,1.0,0.0,1.0,1.0,1.0,0.0,0.5961614754225982,0.5592035151320215,0.6351425611156387,0.019279113302810968,0.49978533743555525,0.44577504038093513,0.5563830808026679,0.028130058755014647,0.49165097300690525,0.43621255941171205,0.5496959353421218,0.028864053464168826
bge,talent_to_job,full,230,0.008695652173913044,0.0,0.021739130434782608,0.006116960075650956,0.004347826086956522,0.0,0.010869565217391304,0.003058480037825478,0.008695652173913044,0.0,0.021739130434782608,0.006116960075650956,0.06086956521739131,0.030434782608695653,0.09130434782608696,0.0155347876221411,0.04420289855072464,0.021739130434782608,0.06956521739130435,0.012147439961625579,0.024616902649951533,0.012146783231078689,0.038604941813673216,0.006724013787283238,0.12173913043478261,0.08260869565217391,0.16521739130434782,0.021492207476911808,0.08985507246376812,0.0572463768115942,0.12463768115942028,0.01726858970926379,0.04070397850259526,0.025904560759497295,0.05683424279954025,0.007853526941068858,0.20869565217391303,0.1565217391304348,0.2608695652173913,0.026675871385536662,0.15628019323671496,0.11388888888888889,0.20072463768115942,0.022142481426711488,0.05918933525795986,0.04273538859207348,0.07679214604235046,0.008639052587513013,0.40869565217391307,0.34347826086956523,0.47391304347826085,0.03267233181976215,0.32560386473429953,0.2698067632850242,0.383094806763285,0.028832703110543298,0.09570245582801842,0.07769731444997806,0.11409137725496694,0.009234605764902886,0.6173913043478261,0.5521739130434783,0.6826086956521739,0.03243911941807357,0.518592132505176,0.4592611283643893,0.5787687198067633,0.030637457719857104,0.12943502665174667,0.11274538875505477,0.1473268161790578,0.008808224832062072,0.048302842240090356,0.03515866309901499,0.06407960041022273,0.00734736974490953,0.031190476190476192,0.01775866977225673,0.04759847308488613,0.007541742700922542
bge-base,talent_to_job,full,230,0.013043478260869565,0.0,0.030434782608695653,0.007493062399378707,0.010869565217391304,0.0,0.02608695652173913,0.006492833765922954,0.013043478260869565,0.0,0.030434782608695653,0.007493062399378707,0.05217391304347826,0.02608695652173913,0.08260869565217391,0.01471208648856038,0.03782608695652174,0.016807971014492783,0.06260869565217392,0.011808424649503572,0.02493840576146106,0.010620056586686188,0.042188772114433996,0.008112868103725662,0.0782608695652174,0.043478260869565216,0.11304347826086956,0.017752911308413208,0.05461352657004831,0.028743961352657006,0.08333393719806763,0.013942014377907888,0.030729339884358525,0.015568726056554943,0.048357019505874704,0.008430218729000797,0.12173913043478261,0.08260869565217391,0.16521739130434782,0.02183833811285078,0.08905106970324361,0.056055469289164946,0.1251693409247757,0.0176707205073749,0.0404614843246314,0.02416186177905471,0.05914028371752169,0.008966132830895632,0.26521739130434785,0.20869565217391303,0.3217391304347826,0.02901895605935967,0.19993788819875777,0.15370600414078675,0.24739182194616974,0.024136714111951445,0.06544361441563841,0.04770056927400215,0.08489664923959139,0.009449651354387547,0.45652173913043476,0.391304347826087,0.5217391304347826,0.03279344756523185,0.35338509316770184,0.2971025707384403,0.40876811594202894,0.028413698479392662,0.0937740226905073,0.07578171771695007,0.11336610323785858,0.009574533037755552,0.041572657552276154,0.02663730924531475,0.059501402302556135,0.008435201117800295,0.02846445824706694,0.013179649758454107,0.04664842132505175,0.008554859792213878
bge-large,talent_to_job,full,230,0.013043478260869565,0.0,0.030434782608695653,0.007523791614914004,0.013043478260869565,0.0,0.030434782608695653,0.007523791614914004,0.013043478260869565,0.0,0.030434782608695653,0.007523791614914004,0.0391304347826087,0.017391304347826087,0.06521739130434782,0.012917838657320331,0.034782608695652174,0.013043478260869565,0.058695652173913045,0.011805723068260632,0.02328392653195482,0.008200936151988492,0.04151048360407898,0.00858265395912892,0.08260869565217391,0.04782608695652174,0.12173913043478261,0.018344081196228865,0.06123188405797102,0.03333333333333333,0.09166666666666667,0.01493771666360134,0.03343426091986215,0.016897499091841992,0.05268728414039891,0.00920096197468547,0.1608695652173913,0.11304347826086956,0.20869565217391303,0.024230575753028474,0.11473429951690821,0.07729468599033817,0.15483091787439612,0.01957258770076546,0.0479112147567469,0.02996871686828754,0.06771754398878242,0.009709613419792554,0.33043478260869563,0.26956521739130435,0.391304347826087,0.03108344478796677,0.24760179434092477,0.19796066252587993,0.30012077294685985,0.02609203296208788,0.07662065573101733,0.05773410889726254,0.09742131370496304,0.010073350828302241,0.5260869565217391,0.4608695652173913,0.591304347826087,0.03282799252747178,0.43510697032436163,0.3749275362318841,0.49266908212560384,0.029740800126012223,0.11017996570492827,0.0911084420111979,0.13041811785808316,0.010012245053890815,0.04218735311294587,0.02799846676804085,0.059367141089111605,0.008176809288057797,0.026452726017943407,0.01194944789510007,0.044096359558316076,0.00831867380049926
bm25,talent_to_job,full,230,0.09565217391304348,0.06086956521739131,0.13478260869565217,0.01956531167127043,0.08115942028985508,0.049275362318840575,0.11739130434782609,0.017448917469336366,0.09565217391304348,0.06086956521739131,0.13478260869565217,0.01956531167127043,0.24347826086956523,0.19130434782608696,0.3,0.02852220784013072,0.18864734299516908,0.14275362318840581,0.23743961352657003,0.02441570155966655,0.14401939491895083,0.10795696958978236,0.18283615096347824,0.019588119899604906,0.30869565217391304,0.24782608695652175,0.3695652173913043,0.030496979921133486,0.23422705314009662,0.18483091787439615,0.28645289855072453,0.025833879025109682,0.16063188626032499,0.12441080507649492,0.19988947711044583,0.01953158467516332,0.4043478260869565,0.3391304347826087,0.4652173913043478,0.03246238423421995,0.3227536231884058,0.2668345410628019,0.37898550724637675,0.0285632899168757,0.18440755280022608,0.14806759554513102,0.22377854172977835,0.01943338516996514,0.6391304347826087,0.5782608695652174,0.7,0.03164775018059552,0.550024154589372,0.49125603864734296,0.6084565217391303,0.029878669712882437,0.23477068593530484,0.20003723404968865,0.27171822026118786,0.01848927355508066,0.8043478260869565,0.7521739130434782,0.8521739130434782,0.026048274378730755,0.7237301587301587,0.6712780365769496,0.7735616804692891,0.026245943138943875,0.2667401438719026,0.23333474772949803,0.3014127223285956,0.017418060884487524,0.17239450824258776,0.13610014945295756,0.21253209055542188,0.019691255207385707,0.15498447204968943,0.11784631642512076,0.1960593944099379,0.020240275925412367
jina,talent_to_job,full,230,0.06086956521739131,0.030434782608695653,0.09130434782608696,0.015863986726489122,0.05289855072463768,0.02608695652173913,0.08260869565217391,0.014409804041345493,0.06086956521739131,0.030434782608695653,0.09130434782608696,0.015863986726489122,0.12608695652173912,0.08260869565217391,0.16956521739130434,0.022029893404250656,0.10656314699792961,0.06964699792960664,0.14671273291925457,0.019688733033939417,0.08357155623520451,0.05361039551343006,0.11657127119943793,0.016042481143097684,0.23043478260869565,0.1782608695652174,0.28695652173913044,0.027927096553851893,0.18953416149068322,0.14192365424430645,0.2391304347826087,0.024807495022707966,0.11189060813617253,0.0808495722645032,0.14466513826202657,0.016446242600201055,0.34782608695652173,0.28695652173913044,0.40869565217391307,0.03157051630873337,0.27638716356107657,0.22196506211180128,0.3309420289855073,0.027721636109402002,0.1356043432138811,0.10453928112577132,0.168680907811731,0.016406618246401546,0.5782608695652174,0.5130434782608696,0.6434782608695652,0.03262675863775084,0.45768461007591443,0.39981021394064875,0.5153916494133886,0.029794227938671383,0.17542206133780452,0.145337179386262,0.20687257333046416,0.015831153945647998,0.7,0.6391304347826087,0.7608695652173914,0.030050176611240237,0.5888854382332643,0.5333284161490683,0.647322204968944,0.028715817733839508,0.2000395745622977,0.1712342879010074,0.23065295277295098,0.01526864905389554,0.11748357201236681,0.08701848460991678,0.1503895824432747,0.016194726071721746,0.09874913733609386,0.06753053830227743,0.13220410628019325,0.01660831970342008
minilm,talent_to_job,full,230,0.08260869565217391,0.04782608695652174,0.12173913043478261,0.01823122593913685,0.06268115942028986,0.035507246376811595,0.09347826086956522,0.014863707034568926,0.08260869565217391,0.04782608695652174,0.12173913043478261,0.01823122593913685,0.21304347826086956,0.1608695652173913,0.26956521739130435,0.027159988348814702,0.1630848861283644,0.11946169772256728,0.20942028985507247,0.02306746650548803,0.121988021892502,0.08819532826824679,0.15841315702775438,0.017946748630306424,0.30434782608695654,0.24347826086956523,0.3652173913043478,0.03064600480318724,0.22987232574189095,0.1803379917184265,0.2832932194616976,0.026127534022322485,0.1451065211469304,0.110734485421361,0.18179769460532186,0.01813738373343013,0.4391304347826087,0.3739130434782609,0.5043478260869565,0.033201050929115655,0.3436887508626639,0.2872055728088337,0.4013804347826087,0.029205739376633563,0.17598900825559766,0.14203511923951276,0.21185583755287302,0.017921938857342973,0.6695652173913044,0.6086956521739131,0.7304347826086957,0.0311959735659857,0.567215320910973,0.5077316252587991,0.6245370082815734,0.029766641862953146,0.2265250619318625,0.19395839652598526,0.2602463343761831,0.01705247911130402,0.8521739130434782,0.8043478260869565,0.8956521739130435,0.023445661228354862,0.7573878536922015,0.7086949620427881,0.804247757073844,0.024482516058781763,0.2606743694841533,0.23065517189871634,0.2921806214594553,0.015815517450709717,0.15810062988270313,0.1232626422879663,0.19536051272746816,0.018470312416064835,0.1380296756383713,0.10197364561766735,0.17686581262939954,0.019054941023358533
mpnet,talent_to_job,full,230,0.06956521739130435,0.0391304347826087,0.10434782608695652,0.016671806334798527,0.05,0.02681159420289855,0.07681159420289854,0.012975506264407771,0.06956521739130435,0.0391304347826087,0.10434782608695652,0.016671806334798527,0.2391304347826087,0.1826086956521739,0.2956521739130435,0.02841962684783409,0.18297101449275363,0.13695652173913042,0.23079710144927534,0.023962916713882367,0.126428674102945,0.09363548230561985,0.16023079918756347,0.01710534143548743,0.3217391304347826,0.2608695652173913,0.3826086956521739,0.031133983520707318,0.24639406487232574,0.19447895100069013,0.29830917874396135,0.026748240561443433,0.14811227752595388,0.11499449521251975,0.18234729581431672,0.017236330634844022,0.48695652173913045,0.4217391304347826,0.5521739130434783,0.033664104724185184,0.3802518978605935,0.32140916149068327,0.4394068322981366,0.029978688347177335,0.1850447596128048,0.15194725156202885,0.21885941130034897,0.01711480682317784,0.6956521739130435,0.6347826086956522,0.7565217391304347,0.030364358471840422,0.5859696342305039,0.5275820393374742,0.6422736369910284,0.02940249323684658,0.23081744373670027,0.20019829055307664,0.26200948266443946,0.015945968739328013,0.8695652173913043,0.8260869565217391,0.9130434782608695,0.022271483542998412,0.7979848171152519,0.750520790200138,0.8433229813664596,0.02342349734932966,0.2692750427454148,0.2404989427851377,0.29831803547573865,0.014714091788855618,0.15959333961821978,0.12628383577847466,0.19405771125026886,0.01745528921914262,0.13861973775017253,0.10430672015182885,0.17407147170462386,0.01809303159596274
qwen,talent_to_job,full,230,0.14782608695652175,0.10434782608695652,0.1956521739130435,0.023499854799857098,0.12572463768115943,0.08513586956521746,0.1688405797101449,0.021356736049919802,0.14782608695652175,0.10434782608695652,0.1956521739130435,0.023499854799857098,0.3130434782608696,0.25217391304347825,0.3739130434782609,0.030772085698292574,0.263768115942029,0.20942028985507247,0.31884057971014496,0.02786701735463335,0.2064041111944585,0.1615907042246479,0.25236597588370097,0.023033531803610105,0.4391304347826087,0.3739130434782609,0.5043478260869565,0.03312026956914305,0.3489544513457557,0.29130434782608694,0.4062437888198758,0.02927503538740185,0.2378138482760348,0.19337597057016911,0.2822443041273217,0.0226291559665302,0.5782608695652174,0.5130434782608696,0.6434782608695652,0.03275020195034345,0.4695100069013112,0.4109898205659075,0.5281421670117322,0.03011200050306549,0.2698737272956483,0.22671139432485932,0.3133674091813879,0.02176801946452646,0.7391304347826086,0.6782608695652174,0.7956521739130434,0.029155319776441157,0.6368702553485163,0.579895790200138,0.6931850414078675,0.028761524147542804,0.3080125075571745,0.26742486888367806,0.3494291434711678,0.020675243888724316,0.8347826086956521,0.7869565217391304,0.8782608695652174,0.02423843594247818,0.743088336783989,0.6917861456176674,0.7919773119392685,0.025355721857034507,0.32777717186800837,0.28932189766246474,0.3672631868039212,0.01979790355769787,0.23777684357245482,0.19424695723080132,0.2827012559646399,0.022652557934119223,0.22143892339544516,0.17638612836438924,0.2677278295376121,0.023299314631226673
qwen3_embedding,talent_to_job,full,230,0.09130434782608696,0.05652173913043478,0.13043478260869565,0.01910242700759095,0.07695652173913044,0.045072463768115946,0.11232246376811589,0.01708871228434349,0.09130434782608696,0.05652173913043478,0.13043478260869565,0.01910242700759095,0.2956521739130435,0.2391304347826087,0.3565217391304348,0.030144296955500534,0.2484782608695652,0.19608695652173913,0.3029003623188405,0.02720699784720859,0.17598377976753474,0.13751436077294013,0.21725763188597622,0.020410290666147978,0.4043478260869565,0.3391304347826087,0.46956521739130436,0.03262839009901785,0.34644927536231884,0.2881847826086957,0.40565398550724635,0.030072876275819296,0.2088790578134179,0.16975996577288127,0.24915571621457905,0.020310365356083777,0.5043478260869565,0.4391304347826087,0.5695652173913044,0.03314774013401877,0.4233816425120773,0.3633091787439614,0.48488285024154587,0.030778715550185836,0.23008394170346794,0.19227154098472976,0.2695018763706216,0.019830761027777723,0.6782608695652174,0.6173913043478261,0.7391304347826086,0.030857466876005563,0.5883264320220841,0.5275762594893029,0.6479176155969634,0.03034472342438499,0.2670724840666633,0.23060762916402167,0.30485169493983616,0.018980530983461166,0.8304347826086956,0.7782608695652173,0.8782608695652174,0.02460850662087484,0.75540027605245,0.7033816425120774,0.8027441338854382,0.02529905811494207,0.29900473391138704,0.2648427867961558,0.3344146748128672,0.0177985982542902,0.19567520768218438,0.15898885495938886,0.23422243808706608,0.019461816866641724,0.18009661835748794,0.14250379572118704,0.21998779330572807,0.020049775710515652
qwen3_embedding4,talent_to_job,full,230,0.1,0.06521739130434782,0.1391304347826087,0.01968451083287768,0.08405797101449275,0.05144927536231884,0.11956521739130435,0.017675570210530147,0.1,0.06521739130434782,0.1391304347826087,0.01968451083287768,0.3173913043478261,0.2565217391304348,0.3782608695652174,0.031102651143086572,0.2480193236714976,0.19620712560386475,0.3017391304347826,0.02707418012413971,0.17689259711115984,0.1376507247925563,0.21818032139436855,0.020498852479310808,0.43478260869565216,0.3695652173913043,0.5,0.03308957080170744,0.3516425120772947,0.29427355072463773,0.41123188405797106,0.02959407904467602,0.2110924220616203,0.17229185922679519,0.2516626521827935,0.020196833252822684,0.5478260869565217,0.4826086956521739,0.6130434782608696,0.03289667890224987,0.4553140096618358,0.39618236714975846,0.5152657004830917,0.03053275536077992,0.24043775161518607,0.20280833088149913,0.2798375885519535,0.01972540431314472,0.7260869565217392,0.6695652173913044,0.782608695652174,0.02924413188515683,0.634751552795031,0.5777699275362318,0.6917398205659077,0.028978578724561874,0.28054895174813854,0.24475997040520925,0.3177248979551058,0.018608927008931797,0.8608695652173913,0.8130434782608695,0.9043478260869565,0.022639608594578,0.7796169772256729,0.7316683919944789,0.8253146135265701,0.023980431770540107,0.30767113204623486,0.27382628920256885,0.3426625307892547,0.017467448420217663,0.2021841445214472,0.16433442392922848,0.2417529117114934,0.019637086181091827,0.18574016563146997,0.14681961697722568,0.2267499137336094,0.020271896851613208
qwen3_embedding8,talent_to_job,full,230,0.10869565217391304,0.06956521739130435,0.15217391304347827,0.020718155097923796,0.08514492753623187,0.052889492753623264,0.12101449275362319,0.017483840096472185,0.10869565217391304,0.06956521739130435,0.15217391304347827,0.020718155097923796,0.3347826086956522,0.27391304347826084,0.4,0.0313777302218506,0.2623671497584541,0.20850120772946862,0.31867391304347825,0.02771264573177506,0.1844568312654298,0.14524255625432841,0.22594901116292476,0.02044198098620262,0.44782608695652176,0.3826086956521739,0.5130434782608696,0.03300134831123068,0.3530917874396135,0.2961099033816425,0.41142753623188394,0.029445337541387943,0.21641563960651683,0.1775660088517648,0.2579267249347878,0.020294533954911646,0.5478260869565217,0.4826086956521739,0.6130434782608696,0.03298842640606827,0.45291580400276055,0.3932293823326432,0.5127716528640441,0.030395385067522776,0.2449035187284419,0.20676081012401615,0.28542987478803844,0.019954126196985847,0.7434782608695653,0.6869565217391305,0.8,0.028932896012058874,0.651935817805383,0.5951202553485163,0.7080201000690131,0.02869100067824178,0.28924007778609745,0.25332623920895103,0.3270368406042045,0.0186295172164621,0.8913043478260869,0.8478260869565217,0.9304347826086956,0.020293301524579133,0.8104382332643202,0.7647342995169082,0.8533643892339544,0.022485835290206105,0.3182870661243433,0.28502813501027646,0.35353379557104025,0.01738872623207987,0.21391190793016104,0.17529404264425935,0.2552573690566297,0.02034738097601738,0.19790027605244997,0.1578457125603865,0.24027316252587994,0.020974078863420148
qwen4,talent_to_job,full,230,0.14347826086956522,0.1,0.18695652173913044,0.022919838131238903,0.11485507246376812,0.07681159420289856,0.15434782608695652,0.019710602005569747,0.14347826086956522,0.1,0.18695652173913044,0.022919838131238903,0.3173913043478261,0.2565217391304348,0.3782608695652174,0.030630165145232188,0.2702898550724638,0.21521739130434783,0.32536231884057976,0.02798693769929624,0.21017074959511536,0.16622833380485316,0.25466609744990015,0.022439197704137413,0.43043478260869567,0.3652173913043478,0.4956521739130435,0.03278125043605306,0.3505175983436853,0.2925465838509317,0.4088509316770186,0.029491625415099778,0.23926076587834916,0.19540241031330047,0.28310330611891266,0.022076732496988168,0.5826086956521739,0.5173913043478261,0.6478260869565218,0.032748327491601226,0.4873153899240855,0.42813664596273293,0.5470555555555555,0.03062267276301918,0.27746898714503604,0.23588462641721952,0.31911593208703926,0.021267612856044553,0.7695652173913043,0.7130434782608696,0.8217391304347826,0.027558314524529476,0.6638543823326432,0.6090125086266389,0.7171093857832987,0.027720178809945453,0.31712324099748807,0.27835593919944396,0.3564007412912055,0.019999812168467284,0.8608695652173913,0.8173913043478261,0.9043478260869565,0.022763327216677592,0.7918012422360249,0.7434890441683921,0.8369723947550035,0.023939910408732556,0.34134621144284366,0.3042517160703455,0.3783182008488149,0.01896214941015585,0.2458758551987308,0.20270284078391423,0.28950083713609726,0.022244449862885977,0.22718944099378882,0.18250819530710838,0.272248317805383,0.023002842501256313
qwen8,talent_to_job,full,230,0.14782608695652175,0.10434782608695652,0.1956521739130435,0.02360585297963262,0.11547619047619048,0.0770703933747412,0.15678053830227742,0.020104694938854875,0.14782608695652175,0.10434782608695652,0.1956521739130435,0.02360585297963262,0.3739130434782609,0.3129347826086966,0.43478260869565216,0.03208196682954731,0.30837474120082814,0.25181004140786745,0.364942287784679,0.02885342399402452,0.23341405493296544,0.18904176596367064,0.2784224316732273,0.022755849168244698,0.4608695652173913,0.39565217391304347,0.5260869565217391,0.03282720250335988,0.3837370600414079,0.32489363354037265,0.44232919254658387,0.030046309778137808,0.25978793885865104,0.21592076606703411,0.3038427578424233,0.02243191143916417,0.5739130434782609,0.508695652173913,0.6347826086956522,0.03229682149729254,0.4876501035196687,0.42764906832298133,0.5475059523809523,0.030336463857594146,0.28933677416845643,0.24720771011170178,0.332023976993964,0.021715072436639348,0.7565217391304347,0.7,0.808695652173913,0.02806487379306727,0.6575638371290545,0.6014284851621808,0.7122463768115941,0.028181819199142717,0.3276702815866992,0.28816701636940756,0.3679549342254381,0.020336182509777558,0.8652173913043478,0.8173913043478261,0.908695652173913,0.022435535203925456,0.7943616287094548,0.7462215320910972,0.8392032436162871,0.023833817391045255,0.35285681764485766,0.31509408671115147,0.3915110475605895,0.019373055422541165,0.26285581777313755,0.2185397915429306,0.30751699045815034,0.022672126363385597,0.24613699102829537,0.2000446859903382,0.2923723688750863,0.02339405302171693
sheared_llama,talent_to_job,full,230,0.05217391304347826,0.02608695652173913,0.08260869565217391,0.014799513039298898,0.04057971014492754,0.018840579710144925,0.06594202898550725,0.01219018999826774,0.05217391304347826,0.02608695652173913,0.08260869565217391,0.014799513039298898,0.19130434782608696,0.14347826086956522,0.24347826086956523,0.02600991010421777,0.14072463768115942,0.09963768115942029,0.1840615942028985,0.021503983531351956,0.10015441056719998,0.06997930203603622,0.13244522820483504,0.015717056941972625,0.2956521739130435,0.23478260869565218,0.3565217391304348,0.030492414300407156,0.2341304347826087,0.18246014492753626,0.287320652173913,0.026705524972269846,0.13270873277590786,0.10156507647402213,0.1656250832745496,0.01642854948616789,0.41739130434782606,0.3521739130434783,0.4826086956521739,0.03293153990637114,0.34309178743961355,0.2853611111111111,0.40198188405797103,0.029702706312723953,0.1627049857731393,0.13131233093206704,0.1955744332720932,0.01640345929554281,0.6565217391304348,0.5956521739130435,0.717391304347826,0.0314403624580472,0.5634575569358178,0.504316425120773,0.6220331262939958,0.030158476529040235,0.2107425257017296,0.18126502817257034,0.24188399444188052,0.01541185489281006,0.8347826086956521,0.7869565217391304,0.8826086956521739,0.024593709429003605,0.7548757763975155,0.7041268978605936,0.8038423050379572,0.02537810037999335,0.24595349385438045,0.21855283740218434,0.2750187056120562,0.014327640128766837,0.13628691175940685,0.10598043531269645,0.16872331536187418,0.015925371155815084,0.11722739820565908,0.08587055728088337,0.1505541752933057,0.01647069474785378
snowflake,talent_to_job,full,230,0.06956521739130435,0.0391304347826087,0.10434782608695652,0.01684727417889847,0.06159420289855072,0.03260869565217391,0.09347826086956522,0.015485039545201237,0.06956521739130435,0.0391304347826087,0.10434782608695652,0.01684727417889847,0.21304347826086956,0.1608695652173913,0.26521739130434785,0.0268590737784162,0.1794927536231884,0.1327536231884058,0.22935144927536227,0.024220280532597362,0.1242948718446997,0.08956906935894815,0.16058226197017206,0.018056908587232988,0.3130434782608696,0.25217391304347825,0.3739130434782609,0.030582554746463153,0.254975845410628,0.20243659420289858,0.31029166666666663,0.027177492577727412,0.1508579426306695,0.11596401499990745,0.18742811912165658,0.018199919231897795,0.4782608695652174,0.41304347826086957,0.5434782608695652,0.03293931694715571,0.36890614216701173,0.3117375776397515,0.42654692891649415,0.029024332163268853,0.18416644815577085,0.15001442353145042,0.21969331889642657,0.017799132163546002,0.6652173913043479,0.6043478260869565,0.7260869565217392,0.031099503700779255,0.5704451345755694,0.5108062456866805,0.6284317632850241,0.03031641937834088,0.22811331152976674,0.19556683023187496,0.2615563300565373,0.016958554211105356,0.808695652173913,0.7565217391304347,0.8565217391304348,0.02604498353420072,0.7308661145617668,0.6772416321601104,0.7815217391304348,0.026763887311747628,0.2577840676447762,0.2269883126205168,0.28923068624135334,0.01603681439588707,0.1492269862743529,0.11720020034226615,0.18326943362089548,0.016952239356763214,0.1277311939268461,0.09425427018633539,0.16310071601104206,0.017563730688875148
bge,talent_to_job,observed,230,0.4043478260869565,0.34347826086956523,0.46956521739130436,0.03220223166191377,0.3576086956521739,0.29963768115942024,0.41811594202898544,0.030331231277958517,0.4043478260869565,0.34347826086956523,0.46956521739130436,0.03220223166191377,0.7,0.6391304347826087,0.7608695652173914,0.030442170829941145,0.6352657004830918,0.5763254830917874,0.6939613526570048,0.030102249938062896,0.5261036012257597,0.4729700472667187,0.5801623273118388,0.02750315862170389,0.8782608695652174,0.8347826086956521,0.9173913043478261,0.021457344466848594,0.8206038647342995,0.7732832125603865,0.8656298309178744,0.023491109874021525,0.5926019211593273,0.5467135183883715,0.6388605304540053,0.023682485473562654,0.9521739130434783,0.9217391304347826,0.9782608695652174,0.014101572423014118,0.8968840579710144,0.8617626811594203,0.9300724637681159,0.01754733181389734,0.616656728501461,0.5741120474137376,0.6593510381258406,0.0218068846216344,0.9956521739130435,0.9869565217391304,1.0,0.004362808879982181,0.9800897170462387,0.9634912008281574,0.9934782608695653,0.007691664395104881,0.6406156151040918,0.6022707902115993,0.6796636570025953,0.01984358552374438,1.0,1.0,1.0,0.0,0.9972049689440994,0.9930641821946171,1.0,0.0017468646412615797,0.6452282753140396,0.6082203437882097,0.6834811674628809,0.019376413845059517,0.5417775057356303,0.4914319579365398,0.5926564323463352,0.02609448535473615,0.5347636300897171,0.48315812629399585,0.5868795289855071,0.026684398003151456
bge-base,talent_to_job,observed,230,0.43478260869565216,0.3695652173913043,0.5,0.03274729321127788,0.38514492753623186,0.32608695652173914,0.44637681159420284,0.03085768837582963,0.43478260869565216,0.3695652173913043,0.5,0.03274729321127788,0.7434782608695653,0.6869565217391305,0.8,0.028988287938720138,0.6713146997929607,0.6136418219461697,0.728198757763975,0.029059199773426532,0.5588956917260165,0.5064437065835906,0.6117228864757457,0.027024836735830796,0.8826086956521739,0.8391304347826087,0.9217391304347826,0.021166564562713607,0.8217253278122842,0.7745407177363699,0.8663538647342995,0.023048136694485438,0.6142654540736526,0.5677977809267218,0.6609074772727814,0.023793947487065984,0.9695652173913043,0.9478260869565217,0.991304347826087,0.011130377640817993,0.9148102139406488,0.8820553830227744,0.9441614906832297,0.01574754693406633,0.6431233951747835,0.6016665573585296,0.6852505542062338,0.021403465734466137,0.9956521739130435,0.9869565217391304,1.0,0.004322891784875359,0.9801242236024844,0.9645962732919254,0.9927536231884058,0.007197234370733176,0.6624716472532957,0.6244079437248125,0.7015662988372589,0.01975343945719803,1.0,1.0,1.0,0.0,0.99648033126294,0.991511387163561,1.0,0.0021689956561264496,0.6669325402646036,0.6291258409929107,0.705213626376815,0.019336162925996315,0.5716265014024151,0.5212500997805442,0.6232913005828665,0.026058822847803805,0.5641977225672878,0.5122636732229123,0.6171937974465147,0.026717708637020415
bge-large,talent_to_job,observed,230,0.4,0.3347826086956522,0.4608695652173913,0.03211514910861276,0.36159420289855077,0.30253623188405804,0.4213858695652173,0.030484605213946057,0.4,0.3347826086956522,0.4608695652173913,0.03211514910861276,0.7478260869565218,0.691195652173914,0.8043478260869565,0.028724833002158435,0.6720048309178743,0.6146111111111111,0.7276811594202899,0.028925197841145094,0.5528518905656366,0.5002092055261184,0.6044208098829986,0.02667007994557577,0.908695652173913,0.8695652173913043,0.9434782608695652,0.01902639756125132,0.8390338164251209,0.7939855072463768,0.8805797101449274,0.021848096685313206,0.6140946242037065,0.5694999551573564,0.6577628952973124,0.022694905316366084,0.9739130434782609,0.9521739130434783,0.991304347826087,0.010499611794065862,0.9234403036576949,0.8929465148378193,0.9506411318150448,0.014916621385853802,0.6416040357989767,0.6012545944642628,0.6816094098933236,0.02055868749761713,1.0,1.0,1.0,0.0,0.9822981366459627,0.9685274327122153,0.9938923395445135,0.006515995197977915,0.6590786385216733,0.6214505537616343,0.6958733248324895,0.01902087429537505,1.0,1.0,1.0,0.0,0.9978260869565218,0.9942028985507246,1.0,0.0016320565830880863,0.66339574099581,0.6267850536661732,0.6995136308027007,0.018613314770078836,0.5610911646993878,0.5112505129361816,0.6095637183735599,0.02505837786424557,0.555388198757764,0.5048712474120084,0.6049141218081435,0.02557176119347348
bm25,talent_to_job,observed,230,0.48695652173913045,0.4217391304347826,0.5521739130434783,0.03313210767201764,0.42586956521739133,0.36442028985507247,0.4860144927536232,0.031200978450800776,0.48695652173913045,0.4217391304347826,0.5521739130434783,0.03313210767201764,0.782608695652174,0.7304347826086957,0.8347826086956521,0.027018555379268686,0.696328502415459,0.6409402173913045,0.7500006038647343,0.02789665806915017,0.6004742462429205,0.5478878606520226,0.6514008337401319,0.026442904218816208,0.9043478260869565,0.8652173913043478,0.9391304347826087,0.019270385317464563,0.8393961352657004,0.7959649758454107,0.8803381642512077,0.021445566033802987,0.6532874736374352,0.6068679110823029,0.6974390794686001,0.02320485364248001,0.9695652173913043,0.9478260869565217,0.991304347826087,0.011405682230605832,0.9232367149758454,0.8929468599033817,0.9501461352657005,0.014785490861815558,0.679847474385042,0.6381852467294165,0.7199590725786122,0.02097650605118703,1.0,1.0,1.0,0.0,0.9857832988267771,0.9737060041407868,0.9954106280193237,0.005538710783031168,0.6978211066665657,0.6593879298066165,0.7343837413792971,0.01932144245493873,1.0,1.0,1.0,0.0,0.9973084886128364,0.993167701863354,1.0,0.0019367978383036085,0.7011725976163662,0.6632917846889002,0.7370425376616856,0.01900625809060946,0.6231548747505841,0.5726280214743197,0.6716210121075233,0.025549994243709385,0.6173775017253278,0.5658244047619048,0.6669634230503796,0.02613217837898511
jina,talent_to_job,observed,230,0.4260869565217391,0.36086956521739133,0.49130434782608695,0.03284157006290347,0.38456521739130434,0.3233278985507247,0.4454347826086956,0.031086558631364662,0.4260869565217391,0.36086956521739133,0.49130434782608695,0.03284157006290347,0.7565217391304347,0.7,0.808695652173913,0.028055697637793454,0.6772153209109731,0.6207210144927536,0.7312018633540373,0.02827872845581282,0.5590951941565466,0.5064089851943332,0.6103455014844261,0.026534439124771953,0.8956521739130435,0.8565217391304348,0.9305434782608679,0.019923237940126688,0.8140924775707385,0.7677557798481712,0.8575621980676328,0.023024784852278515,0.6100104641215874,0.5630645650462759,0.6561994758209944,0.023581113963985878,0.991304347826087,0.9782608695652174,1.0,0.006138292774481786,0.9279744651483781,0.900844375431332,0.9530700483091789,0.013412540216350747,0.6457959447850301,0.6044221135058886,0.6859222024480133,0.020696774695836716,1.0,1.0,1.0,0.0,0.9900621118012423,0.9816744306418219,0.9971014492753623,0.003881637204395374,0.6646149190125518,0.6265761850986785,0.7017398192812836,0.019171168502265683,1.0,1.0,1.0,0.0,0.9985507246376811,0.9963768115942029,1.0,0.0010388900637638507,0.6671382304881002,0.6294983505221956,0.704019032112761,0.018994206409915667,0.5710070323422558,0.5205547398034001,0.62110563696966,0.02575159817947184,0.563932022084196,0.5120975672877847,0.6153167701863355,0.026389392649906033
minilm,talent_to_job,observed,230,0.4217391304347826,0.3565217391304348,0.48695652173913045,0.03265767136897327,0.37731884057971016,0.3178260869565217,0.4383333333333333,0.030997129858389903,0.4217391304347826,0.3565217391304348,0.48695652173913045,0.03265767136897327,0.7608695652173914,0.7043478260869566,0.8130434782608695,0.028205664579419674,0.663592132505176,0.6064283126293997,0.7183747412008282,0.028457828150291253,0.550003670057037,0.497721138799658,0.6013839042317539,0.026536609984963582,0.8869565217391304,0.8434782608695652,0.9260869565217391,0.020958691566362462,0.8121187025534852,0.7652192028985506,0.8566846963423052,0.0232265213042061,0.6058041985754528,0.5591190695802088,0.6511974241392289,0.023565676083519123,0.9739130434782609,0.9521739130434783,0.991304347826087,0.010419269546508418,0.9203795721187026,0.8899221877156661,0.9485990338164251,0.014992885498703111,0.6397204673731786,0.5985182459672207,0.679610010386963,0.020806738966385043,0.991304347826087,0.9782608695652174,1.0,0.006143674248389271,0.9814699792960663,0.9656996204278813,0.9940303657694962,0.007374414268081879,0.6573930463151014,0.6188315529598959,0.6944800735052821,0.01940537926760088,1.0,1.0,1.0,0.0,0.9963768115942029,0.9898550724637679,1.0,0.0029991404907155914,0.6615742055994913,0.6239264790462977,0.6982255668562136,0.019051530828342746,0.569177679313316,0.5194417608344722,0.6192959944446528,0.025597306282352274,0.5615079365079365,0.5104753709454796,0.6126095583160799,0.02628496339311452
mpnet,talent_to_job,observed,230,0.45217391304347826,0.3869565217391304,0.5173913043478261,0.03310017456078791,0.39746376811594203,0.3376811594202898,0.45798007246376804,0.031023520702746502,0.45217391304347826,0.3869565217391304,0.5173913043478261,0.03310017456078791,0.8173913043478261,0.7652173913043478,0.8652173913043478,0.025279959766275322,0.7070945479641131,0.6545502070393375,0.7587625948930297,0.026971318382439848,0.5884487264354807,0.5378681293899588,0.6371190323322674,0.02542536383333727,0.9304347826086956,0.8956521739130435,0.9608695652173913,0.01677747877781065,0.8471359558316081,0.8061190476190476,0.8864739475500344,0.020576713009863978,0.6404046298520543,0.5960046209001244,0.6826875460715518,0.02209301945226925,0.9652173913043478,0.9391304347826087,0.9869565217391304,0.012057812063472955,0.9188267770876466,0.8876037784679088,0.9471132677708765,0.015289989195561293,0.664163115006811,0.6230943334546841,0.7032020499308278,0.0204531532080246,0.9956521739130435,0.9869565217391304,1.0,0.004362808879982181,0.9851276742581091,0.9714975845410628,0.9958937198067632,0.006310495472844728,0.6828108637222596,0.6452402753523514,0.7186113671554919,0.018807486912989856,1.0,1.0,1.0,0.0,0.9971014492753624,0.991304347826087,1.0,0.0029085392533214427,0.6862245613856024,0.6492785856289844,0.7214701224722178,0.018491765975303436,0.605965392309846,0.5566907295925452,0.6536548799575292,0.024988981339624444,0.6023326432022085,0.5523952726017943,0.6508131469979296,0.025337300206052422
qwen,talent_to_job,observed,230,0.45652173913043476,0.391304347826087,0.5217391304347826,0.0328730602897971,0.40195652173913043,0.3421739130434782,0.46239130434782605,0.03102255436641105,0.45652173913043476,0.391304347826087,0.5217391304347826,0.0328730602897971,0.7956521739130434,0.7391304347826086,0.8478260869565217,0.02661134456479631,0.6980607315389925,0.6440185472739821,0.7498241890959282,0.027402530965367204,0.5860451464102001,0.5344446204801102,0.6358742653250028,0.026028383984061345,0.9173913043478261,0.8782608695652174,0.9521739130434783,0.018170990606511474,0.82851966873706,0.7850715148378191,0.8700970496894409,0.021736090030016912,0.6347219458303488,0.5898589842295671,0.6788450834885036,0.02283120750863926,0.9739130434782609,0.9521739130434783,0.991304347826087,0.010501907865196388,0.9267736369910283,0.8962764837819186,0.9538035714285713,0.01466994806448204,0.6659150960111782,0.6254370330819367,0.7052448435123678,0.02041216960695863,1.0,1.0,1.0,0.0,0.9830572808833679,0.9704968944099379,0.9934782608695653,0.005894063790312484,0.6816126043706039,0.6438344078186834,0.7184741032700617,0.01899621545420031,1.0,1.0,1.0,0.0,0.9978260869565218,0.9942028985507246,1.0,0.0016141969374221382,0.6857869263679874,0.6485767450688092,0.7221692839599483,0.018685874540345638,0.6013812252048716,0.5517557065176063,0.6507748529154838,0.025306655120802792,0.5962957211870256,0.5454914596273293,0.646356884057971,0.02578662406822523
qwen3_embedding,talent_to_job,observed,230,0.45217391304347826,0.3869565217391304,0.5173913043478261,0.03305517646474319,0.4071739130434783,0.3452898550724638,0.46956521739130436,0.03168846284287478,0.45217391304347826,0.3869565217391304,0.5173913043478261,0.03305517646474319,0.7565217391304347,0.7,0.8130434782608695,0.02839395434733001,0.6800483091787439,0.623427536231884,0.7347862318840579,0.02858605323028558,0.5769061274267091,0.5236872117823062,0.6295196251798786,0.027112384143814904,0.9,0.8608695652173913,0.9391304347826087,0.020032530439347957,0.8217632850241546,0.7762077294685991,0.8660881642512077,0.02286529489694103,0.6286333507549609,0.5809081969597415,0.6748278561306724,0.02384259724376827,0.9608695652173913,0.9347826086956522,0.9826086956521739,0.012661435844956706,0.908567977915804,0.8758488612836439,0.9390995514147688,0.016270078563069414,0.6568800034601328,0.6139016041486347,0.6987320432162375,0.021655356085237654,0.991304347826087,0.9782608695652174,1.0,0.006143674248389271,0.9818840579710145,0.9659420289855073,0.9944444444444445,0.007374472698468478,0.677966057023423,0.6388170593659379,0.7164014443120574,0.019750921787381144,1.0,1.0,1.0,0.0,0.9963768115942029,0.9898550724637679,1.0,0.0029991404907155914,0.6818609880241628,0.6435607976158075,0.7194786552319143,0.01942374389283215,0.5921948505132857,0.5409078368135973,0.642353889595048,0.02590646250554538,0.5864717046238785,0.5339246894409938,0.6376727484472049,0.02644634955399162
qwen3_embedding4,talent_to_job,observed,230,0.4608695652173913,0.39565217391304347,0.5260869565217391,0.0331460757755646,0.4077536231884058,0.3470996376811594,0.4689891304347826,0.03131487452593558,0.4608695652173913,0.39565217391304347,0.5260869565217391,0.0331460757755646,0.8,0.7478260869565218,0.8521739130434782,0.02657140364531802,0.7073429951690822,0.652582729468599,0.760411231884058,0.02760274634192574,0.5915055692692418,0.5403827144364574,0.6416212843768142,0.025975427933746877,0.908695652173913,0.8695652173913043,0.9434782608695652,0.01916214651776366,0.842463768115942,0.7978743961352658,0.8837681159420291,0.0216566965597744,0.6421928497909566,0.5966276438056998,0.6861308945831718,0.02298236328270219,0.9608695652173913,0.9347826086956522,0.9826086956521739,0.012779327322096922,0.922336093857833,0.8906507936507936,0.9510566770186335,0.015361895547568165,0.6686449508813649,0.6271877043362447,0.7089460492740518,0.020805567098266368,0.9956521739130435,0.9869565217391304,1.0,0.004362808879982181,0.9845065562456866,0.9709454796411319,0.9951345755693581,0.006249558472001648,0.6860255083513198,0.6480608347881454,0.723640901199397,0.019165812919018803,1.0,1.0,1.0,0.0,0.9963768115942029,0.9898550724637679,1.0,0.0029991404907155914,0.6893142696184715,0.6519141334387334,0.7262954691937318,0.018910112653681,0.6050483862215569,0.555034376584003,0.6552483764089213,0.025518769198897315,0.5995721187025536,0.5483018892339544,0.6505694875776398,0.026056888610102438
qwen3_embedding8,talent_to_job,observed,230,0.4608695652173913,0.39565217391304347,0.5260869565217391,0.033231282947722714,0.40376811594202894,0.3423913043478261,0.46463768115942033,0.03129047339632379,0.4608695652173913,0.39565217391304347,0.5260869565217391,0.033231282947722714,0.8,0.7478260869565218,0.8521739130434782,0.026771949569333035,0.7107729468599034,0.6561340579710145,0.7641086956521739,0.027506673611829183,0.5926058676976536,0.5406073641545854,0.6420491473811858,0.025919283581424753,0.9,0.8608695652173913,0.9391304347826087,0.019937980280257943,0.8325603864734299,0.7878490338164251,0.8749281400966185,0.02233767804681609,0.6385421383013489,0.5922462762387588,0.682683532661792,0.023183756403119704,0.9652173913043478,0.9391304347826087,0.9869565217391304,0.012035833046642595,0.924447895100069,0.8934778295376121,0.9527777777777777,0.015208626282288083,0.668017083952872,0.6266874608249611,0.7075889590317932,0.020764458845547257,0.9956521739130435,0.9869565217391304,1.0,0.004362808879982181,0.9836438923395445,0.9695652173913043,0.994927536231884,0.006502983115352302,0.684152947038247,0.6463636801829558,0.7203943344705352,0.019232217889554006,1.0,1.0,1.0,0.0,0.9957556935817805,0.9886128364389234,1.0,0.003075768226568868,0.6876815326927729,0.6501950431712703,0.7236904884180712,0.018953493627265044,0.6073730505068319,0.5572302909738535,0.6563468918091877,0.025536005440123674,0.6011076604554865,0.5494219720496895,0.6513163388543822,0.02614733855013327
qwen4,talent_to_job,observed,230,0.4826086956521739,0.41739130434782606,0.5478260869565217,0.03280153842811977,0.4221014492753623,0.36086956521739133,0.48188405797101447,0.031000130813171295,0.4826086956521739,0.41739130434782606,0.5478260869565217,0.03280153842811977,0.7695652173913043,0.7130434782608696,0.8217391304347826,0.027775754856438923,0.6817494824016563,0.625547877846791,0.7351570910973084,0.028112111251249003,0.5861403256816597,0.5327556877019541,0.6374157878977459,0.026745498781528248,0.9304347826086956,0.8956521739130435,0.9608695652173913,0.016795459463829338,0.8434092477570738,0.8018822463768116,0.8826604554865425,0.020710778189159552,0.6457177819660377,0.6006965054713609,0.6893382408275271,0.022745178684179763,0.9782608695652174,0.9565217391304348,0.9956521739130435,0.009611309018994301,0.9257625948930297,0.8965000862663906,0.9520779848171153,0.014273704677869961,0.6733073568945603,0.6320631469738826,0.7128554714471285,0.020686182842249205,0.9956521739130435,0.9869565217391304,1.0,0.004362808879982181,0.9849896480331263,0.9710144927536233,0.9956521739130435,0.006424028815134178,0.6902104944438043,0.6514748706194587,0.7264657440457765,0.019208846972477416,1.0,1.0,1.0,0.0,0.9985507246376811,0.9956521739130435,1.0,0.0014745831987941316,0.6938982989036249,0.6560762850452646,0.7300558013166536,0.01889639794281604,0.611807837185075,0.5603648867413255,0.6611317163761217,0.025703731355583414,0.6076224982746722,0.5553183229813665,0.657843555900621,0.026104122675573698
qwen8,talent_to_job,observed,230,0.5,0.43478260869565216,0.5652173913043478,0.03291704643970658,0.4272153209109731,0.3670274327122153,0.48793995859213246,0.030933179467390652,0.5,0.43478260869565216,0.5652173913043478,0.03291704643970658,0.8043478260869565,0.7521739130434782,0.8521739130434782,0.02584475155956821,0.7271428571428571,0.6736206004140787,0.7783048654244306,0.026956184873323626,0.6129986177880989,0.5617787006055946,0.6620340258451743,0.025641245262942744,0.9043478260869565,0.8652173913043478,0.9391304347826087,0.01928009553741752,0.8283022774327122,0.7838437715665977,0.870266994478951,0.022212370916408736,0.650968236440143,0.6057233016404767,0.6957475303199636,0.02303729265906045,0.9739130434782609,0.9521739130434783,0.991304347826087,0.010541906642167437,0.9188440303657694,0.8880456349206348,0.946376811594203,0.014944567364282905,0.6801919416626834,0.6390569597907924,0.7199985138797139,0.020664345072774863,0.9956521739130435,0.9869565217391304,1.0,0.004362808879982181,0.982815734989648,0.9683229813664597,0.9942028985507247,0.006751246242587379,0.6984982851810938,0.6609210031514757,0.7350632164388397,0.019018761561429204,1.0,1.0,1.0,0.0,0.9985507246376811,0.9956521739130435,1.0,0.0014542696266607296,0.7028930703335033,0.6662297082230804,0.7390981777115053,0.018655533686944222,0.6305032691340232,0.580009056580416,0.6804471837731163,0.025425649672378273,0.6241028295376121,0.5725998102139406,0.67500422705314,0.026054425107568863
sheared_llama,talent_to_job,observed,230,0.4391304347826087,0.3739130434782609,0.5043478260869565,0.032876086022154555,0.38456521739130434,0.3255018115942029,0.4458007246376811,0.03098064334189248,0.4391304347826087,0.3739130434782609,0.5043478260869565,0.032876086022154555,0.782608695652174,0.7260869565217392,0.8347826086956521,0.027062504753183288,0.6959903381642513,0.6397578502415459,0.7505803140096619,0.027931057346875576,0.5706905488806642,0.5187812184673287,0.6217790331391875,0.0261908490503624,0.9,0.8608695652173913,0.9391304347826087,0.01990457917220769,0.8183574879227054,0.773332729468599,0.8610628019323671,0.022574703098778223,0.6167274236583052,0.5701082011821733,0.6615181817916215,0.023167161845233403,0.9782608695652174,0.9565217391304348,0.9956521739130435,0.00966441619828566,0.9251311249137335,0.8959346100759145,0.951981193926846,0.014278840392445438,0.6507914638355078,0.609725635602353,0.690831338483364,0.02067529217863687,0.9956521739130435,0.9869565217391304,1.0,0.004362808879982181,0.9848516218081436,0.9708419599723948,0.9956521739130435,0.00645608362097139,0.6685839668081593,0.6304629101918561,0.7059919205702768,0.019194653947044303,1.0,1.0,1.0,0.0,0.9963768115942029,0.9898550724637679,1.0,0.0029991404907155914,0.6718466967524122,0.6347210473897086,0.7089243447960614,0.018914392120813105,0.5810038811581851,0.5309133457790096,0.6309353077214295,0.025601681903056384,0.5749344375431331,0.5235264837819186,0.6259908126293996,0.026137287979896645
snowflake,talent_to_job,observed,230,0.41304347826086957,0.34782608695652173,0.4782608695652174,0.03278228427644805,0.3671739130434783,0.3072463768115942,0.4282608695652174,0.03100395474485886,0.41304347826086957,0.34782608695652173,0.4782608695652174,0.03278228427644805,0.8,0.7478260869565218,0.8521739130434782,0.02653841020947044,0.7138888888888889,0.6595392512077296,0.7663786231884057,0.02722777486653011,0.5801625702966006,0.5304418175325641,0.6288630050176852,0.025232733610403613,0.8869565217391304,0.8434782608695652,0.9260869565217391,0.02093805157104362,0.8148792270531401,0.7681630434782609,0.859228260869565,0.023164496193027306,0.6173721042010277,0.571950365417154,0.6619719895382697,0.023115268145489424,0.9652173913043478,0.9391304347826087,0.9869565217391304,0.012165399383292327,0.9158661145617667,0.8839820565907522,0.9456545893719807,0.015781644726078486,0.6485642086488156,0.6078964822938798,0.6885081202482473,0.020615102733235705,0.9956521739130435,0.9869565217391304,1.0,0.004362808879982181,0.9821946169772257,0.9671488957902002,0.9939613526570047,0.0069570103424452375,0.6678481087777839,0.6306322564798877,0.704958281904294,0.018924321879683816,1.0,1.0,1.0,0.0,0.9986542443064182,0.996583850931677,1.0,0.0009645900224856582,0.6725209121298239,0.6362927407938405,0.7086492529462327,0.0184889996345991,0.5820183094506179,0.5335657758221698,0.6312391783293978,0.024838779554247764,0.5750517598343685,0.5252501293995858,0.625760653899241,0.02550926827083738
